Experiment,Year,SampleID,FrogID,Block,Exp.Block,Date,Day,DayOfExpo,TimeSinceExposure,AccTemp,PerfTemp,AccInc,PerfInc,LnSwabBd,LnFilterBd,TotalTime.min,TotalVolumeFiltered.mL,Notes
2021.IndInf,21,01_08/09,1,A,21.A,44417,-8,-7,-1,20,20,7,4,0,,,,
2021.IndInf,21,01_08/17,1,A,21.A,44425,0,-7,7,20,20,7,4,0,,,,
2021.IndInf,21,01_08/24,1,A,21.A,44432,7,-7,14,20,20,7,4,0,,,,
2021.IndInf,21,01_09/07,1,A,21.A,44446,21,-7,28,20,20,7,4,0,,,,
2021.IndInf,21,01_09/14,1,A,21.A,44453,28,-7,35,20,20,7,4,0,,,,
2021.IndInf,21,01_09/21,1,A,21.A,44460,35,-7,42,20,20,7,4,0,,,,
2021.IndInf,21,02_08/23,2,A,21.A,44431,6,7,-1,10,10,4,6,0,,,,
2021.IndInf,21,02_08/31,2,A,21.A,44439,14,7,7,10,10,4,6,6.503621073,,,,
2021.IndInf,21,02_09/07,2,A,21.A,44446,21,7,14,10,10,4,6,5.232967809,,,,
2021.IndInf,21,02_09/14,2,A,21.A,44453,28,7,21,10,10,4,6,7.729954032,,,,
2021.IndInf,21,02_09/21,2,A,21.A,44460,35,7,28,10,10,4,6,0,,,,
2021.IndInf,21,03_08/16,3,A,21.A,44424,-1,0,-1,20,20,7,7,0,,,,
2021.IndInf,21,03_08/24,3,A,21.A,44432,7,0,7,20,20,7,7,0,,,,
2021.IndInf,21,03_09/07,3,A,21.A,44446,21,0,21,20,20,7,7,0,,,,
2021.IndInf,21,03_09/14,3,A,21.A,44453,28,0,28,20,20,7,7,0,,,,
2021.IndInf,21,03_09/21,3,A,21.A,44460,35,0,35,20,20,7,7,0,,,,
2021.IndInf,21,04_08/16,4,A,21.A,44424,-1,0,-1,10,15,1,5,0,,,,
2021.IndInf,21,04_08/24,4,A,21.A,44432,7,0,7,10,15,1,5,0,,,,
2021.IndInf,21,04_08/31,4,A,21.A,44439,14,0,14,10,15,1,5,0,,,,
2021.IndInf,21,04_09/07,4,A,21.A,44446,21,0,21,10,15,1,5,0,,,,
2021.IndInf,21,04_09/14,4,A,21.A,44453,28,0,28,10,15,1,5,1.691779997,,,,
2021.IndInf,21,04_09/21,4,A,21.A,44460,35,0,35,10,15,1,5,0,,,,
2021.IndInf,21,05_09/07,5,A,21.A,44446,21,7,14,10,20,7,4,0,,,,
2021.IndInf,21,05_09/14,5,A,21.A,44453,28,7,21,10,20,7,4,0,,,,
2021.IndInf,21,05_09/21,5,A,21.A,44460,35,7,28,10,20,7,4,0,,,,
2021.IndInf,21,06_08/09,6,A,21.A,44417,-8,-7,-1,10,20,6,7,0,,,,
2021.IndInf,21,06_08/17,6,A,21.A,44425,0,-7,7,10,20,6,7,6.519355202,,,,
2021.IndInf,21,06_08/24,6,A,21.A,44432,7,-7,14,10,20,6,7,0,,,,
2021.IndInf,21,06_08/31,6,A,21.A,44439,14,-7,21,10,20,6,7,0,,,,
2021.IndInf,21,06_09/07,6,A,21.A,44446,21,-7,28,10,20,6,7,0,,,,
2021.IndInf,21,06_09/14,6,A,21.A,44453,28,-7,35,10,20,6,7,0,,,,
2021.IndInf,21,06_09/21,6,A,21.A,44460,35,-7,42,10,20,6,7,0,,,,
2021.IndInf,21,07_08/23,7,A,21.A,44431,6,7,-1,20,10,1,1,0,,,,
2021.IndInf,21,07_08/31,7,A,21.A,44439,14,7,7,20,10,1,1,2.393529521,,,,
2021.IndInf,21,07_09/07,7,A,21.A,44446,21,7,14,20,10,1,1,5.819098614,,,,
2021.IndInf,21,07_09/14,7,A,21.A,44453,28,7,21,20,10,1,1,0,,,,
2021.IndInf,21,07_09/21,7,A,21.A,44460,35,7,28,20,10,1,1,0.860740113,,,,
2021.IndInf,21,08_08/09,8,A,21.A,44417,-8,-7,-1,10,10,1,1,0,,,,
2021.IndInf,21,08_08/17,8,A,21.A,44425,0,-7,7,10,10,1,1,4.313266506,,,,
2021.IndInf,21,08_08/24,8,A,21.A,44432,7,-7,14,10,10,1,1,1.341495564,,,,
2021.IndInf,21,08_08/31,8,A,21.A,44439,14,-7,21,10,10,1,1,0,,,,
2021.IndInf,21,08_09/07,8,A,21.A,44446,21,-7,28,10,10,1,1,3.914171763,,,,
2021.IndInf,21,08_09/14,8,A,21.A,44453,28,-7,35,10,10,1,1,0,,,,
2021.IndInf,21,08_09/21,8,A,21.A,44460,35,-7,42,10,10,1,1,0,,,,
2021.IndInf,21,09_08/16,9,A,21.A,44424,-1,0,-1,20,25,4,8,0,,,,
2021.IndInf,21,09_08/24,9,A,21.A,44432,7,0,7,20,25,4,8,0,,,,
2021.IndInf,21,09_09/07,9,A,21.A,44446,21,0,21,20,25,4,8,0,,,,
2021.IndInf,21,09_09/14,9,A,21.A,44453,28,0,28,20,25,4,8,0,,,,
2021.IndInf,21,09_09/21,9,A,21.A,44460,35,0,35,20,25,4,8,0,,,,
2021.IndInf,21,10_08/09,10,A,21.A,44417,-8,-7,-1,20,10,4,6,0,,,,
2021.IndInf,21,10_08/17,10,A,21.A,44425,0,-7,7,20,10,4,6,0,,,,
2021.IndInf,21,10_08/24,10,A,21.A,44432,7,-7,14,20,10,4,6,0,,,,
2021.IndInf,21,10_08/31,10,A,21.A,44439,14,-7,21,20,10,4,6,0,,,,
2021.IndInf,21,10_09/07,10,A,21.A,44446,21,-7,28,20,10,4,6,0,,,,
2021.IndInf,21,10_09/14,10,A,21.A,44453,28,-7,35,20,10,4,6,0,,,,
2021.IndInf,21,10_09/21,10,A,21.A,44460,35,-7,42,20,10,4,6,0,,,,
2021.IndInf,21,11_08/16,11,A,21.A,44424,-1,0,-1,20,10,4,6,0,,,,
2021.IndInf,21,11_08/24,11,A,21.A,44432,7,0,7,20,10,4,6,6.058255581,,,,
2021.IndInf,21,11_08/31,11,A,21.A,44439,14,0,14,20,10,4,6,5.893614962,,,,
2021.IndInf,21,11_09/07,11,A,21.A,44446,21,0,21,20,10,4,6,8.221840599,,,,
2021.IndInf,21,11_09/14,11,A,21.A,44453,28,0,28,20,10,4,6,8.190666821,,,,
2021.IndInf,21,11_09/21,11,A,21.A,44460,35,0,35,20,10,4,6,9.789633702,,,,
2021.IndInf,21,12_08/23,12,A,21.A,44431,6,7,-1,20,20,6,7,0,,,,
2021.IndInf,21,12_09/07,12,A,21.A,44446,21,7,14,20,20,6,7,0,,,,
2021.IndInf,21,12_09/14,12,A,21.A,44453,28,7,21,20,20,6,7,0,,,,
2021.IndInf,21,12_09/21,12,A,21.A,44460,35,7,28,20,20,6,7,0,,,,
2021.IndInf,21,13_08/16,13,A,21.A,44424,-1,0,-1,10,25,6,2,0,,,,
2021.IndInf,21,13_08/24,13,A,21.A,44432,7,0,7,10,25,6,2,0,,,,
2021.IndInf,21,13_08/31,13,A,21.A,44439,14,0,14,10,25,6,2,0,,,,
2021.IndInf,21,13_09/07,13,A,21.A,44446,21,0,21,10,25,6,2,0,,,,
2021.IndInf,21,13_09/14,13,A,21.A,44453,28,0,28,10,25,6,2,0,,,,
2021.IndInf,21,13_09/21,13,A,21.A,44460,35,0,35,10,25,6,2,0,,,,
2021.IndInf,21,14_08/16,14,A,21.A,44424,-1,0,-1,20,15,7,3,0,,,,
2021.IndInf,21,14_08/24,14,A,21.A,44432,7,0,7,20,15,7,3,2.135670127,,,,
2021.IndInf,21,14_09/07,14,A,21.A,44446,21,0,21,20,15,7,3,1.605778836,,,,
2021.IndInf,21,14_09/14,14,A,21.A,44453,28,0,28,20,15,7,3,1.25035903,,,,
2021.IndInf,21,14_09/21,14,A,21.A,44460,35,0,35,20,15,7,3,5.208094606,,,,
2021.IndInf,21,15_08/16,15,A,21.A,44424,-1,0,-1,10,10,6,1,0,,,,
2021.IndInf,21,15_08/24,15,A,21.A,44432,7,0,7,10,10,6,1,1.248443575,,,,
2021.IndInf,21,15_09/07,15,A,21.A,44446,21,0,21,10,10,6,1,0,,,,
2021.IndInf,21,15_09/14,15,A,21.A,44453,28,0,28,10,10,6,1,0,,,,
2021.IndInf,21,15_09/21,15,A,21.A,44460,35,0,35,10,10,6,1,0,,,,
2021.IndInf,21,16_08/16,16,A,21.A,44424,-1,0,-1,10,20,1,4,0,,,,
2021.IndInf,21,16_08/24,16,A,21.A,44432,7,0,7,10,20,1,4,0,,,,
2021.IndInf,21,16_09/07,16,A,21.A,44446,21,0,21,10,20,1,4,0,,,,
2021.IndInf,21,16_09/14,16,A,21.A,44453,28,0,28,10,20,1,4,0,,,,
2021.IndInf,21,16_09/21,16,A,21.A,44460,35,0,35,10,20,1,4,0,,,,
2021.IndInf,21,17_08/09,17,B,21.B,44417,-8,-7,-1,20,20,15,12,0,,,,
2021.IndInf,21,17_08/17,17,B,21.B,44425,0,-7,7,20,20,15,12,0,,,,
2021.IndInf,21,17_08/24,17,B,21.B,44432,7,-7,14,20,20,15,12,0,,,,
2021.IndInf,21,17_08/31,17,B,21.B,44439,14,-7,21,20,20,15,12,0,,,,
2021.IndInf,21,17_09/07,17,B,21.B,44446,21,-7,28,20,20,15,12,0,,,,
2021.IndInf,21,17_09/14,17,B,21.B,44453,28,-7,35,20,20,15,12,0,,,,
2021.IndInf,21,17_09/21,17,B,21.B,44460,35,-7,42,20,20,15,12,0,,,,
2021.IndInf,21,18_08/16,18,B,21.B,44424,-1,0,-1,10,15,11,14,0,,,,
2021.IndInf,21,18_08/24,18,B,21.B,44432,7,0,7,10,15,11,14,4.93446942,,,,
2021.IndInf,21,18_08/31,18,B,21.B,44439,14,0,14,10,15,11,14,0,,,,
2021.IndInf,21,18_09/07,18,B,21.B,44446,21,0,21,10,15,11,14,0,,,,
2021.IndInf,21,18_09/14,18,B,21.B,44453,28,0,28,10,15,11,14,0,,,,
2021.IndInf,21,18_09/21,18,B,21.B,44460,35,0,35,10,15,11,14,1.407285243,,,,
2021.IndInf,21,19_08/16,19,B,21.B,44424,-1,0,-1,20,10,12,11,0,,,,
2021.IndInf,21,19_08/24,19,B,21.B,44432,7,0,7,20,10,12,11,2.815806834,,,,
2021.IndInf,21,19_09/07,19,B,21.B,44446,21,0,21,20,10,12,11,6.798444859,,,,
2021.IndInf,21,19_09/14,19,B,21.B,44453,28,0,28,20,10,12,11,7.349600342,,,,
2021.IndInf,21,19_09/21,19,B,21.B,44460,35,0,35,20,10,12,11,6.23071007,,,,
2021.IndInf,21,20_08/16,20,B,21.B,44424,-1,0,-1,10,10,16,16,0,,,,
2021.IndInf,21,20_08/24,20,B,21.B,44432,7,0,7,10,10,16,16,0,,,,
2021.IndInf,21,20_09/07,20,B,21.B,44446,21,0,21,10,10,16,16,0,,,,
2021.IndInf,21,20_09/14,20,B,21.B,44453,28,0,28,10,10,16,16,1.564298635,,,,
2021.IndInf,21,20_09/21,20,B,21.B,44460,35,0,35,10,10,16,16,2.619117331,,,,
2021.IndInf,21,21_08/09,21,B,21.B,44417,-8,-7,-1,10,20,11,15,0,,,,
2021.IndInf,21,21_08/17,21,B,21.B,44425,0,-7,7,10,20,11,15,6.463428905,,,,
2021.IndInf,21,21_08/24,21,B,21.B,44432,7,-7,14,10,20,11,15,0,,,,
2021.IndInf,21,21_08/31,21,B,21.B,44439,14,-7,21,10,20,11,15,0,,,,
2021.IndInf,21,21_09/07,21,B,21.B,44446,21,-7,28,10,20,11,15,0,,,,
2021.IndInf,21,21_09/14,21,B,21.B,44453,28,-7,35,10,20,11,15,0,,,,
2021.IndInf,21,21_09/21,21,B,21.B,44460,35,-7,42,10,20,11,15,0,,,,
2021.IndInf,21,22_08/09,22,B,21.B,44417,-8,-7,-1,10,10,16,11,0,,,,
2021.IndInf,21,22_08/17,22,B,21.B,44425,0,-7,7,10,10,16,11,3.676813687,,,,
2021.IndInf,21,22_08/24,22,B,21.B,44432,7,-7,14,10,10,16,11,0,,,,
2021.IndInf,21,22_09/07,22,B,21.B,44446,21,-7,28,10,10,16,11,0,,,,
2021.IndInf,21,22_09/14,22,B,21.B,44453,28,-7,35,10,10,16,11,2.727915004,,,,
2021.IndInf,21,22_09/21,22,B,21.B,44460,35,-7,42,10,10,16,11,0,,,,
2021.IndInf,21,23_08/09,23,B,21.B,44417,-8,-7,-1,20,10,12,16,0,,,,
2021.IndInf,21,23_08/17,23,B,21.B,44425,0,-7,7,20,10,12,16,0,,,,
2021.IndInf,21,23_08/24,23,B,21.B,44432,7,-7,14,20,10,12,16,0,,,,
2021.IndInf,21,23_09/07,23,B,21.B,44446,21,-7,28,20,10,12,16,0,,,,
2021.IndInf,21,23_09/14,23,B,21.B,44453,28,-7,35,20,10,12,16,0,,,,
2021.IndInf,21,23_09/21,23,B,21.B,44460,35,-7,42,20,10,12,16,0,,,,
2021.IndInf,21,24_08/23,24,B,21.B,44431,6,7,-1,10,20,11,12,0,,,,
2021.IndInf,21,24_09/07,24,B,21.B,44446,21,7,14,10,20,11,12,0,,,,
2021.IndInf,21,24_09/14,24,B,21.B,44453,28,7,21,10,20,11,12,0,,,,
2021.IndInf,21,24_09/21,24,B,21.B,44460,35,7,28,10,20,11,12,2.27943979,,,,
2021.IndInf,21,25_08/23,25,B,21.B,44431,6,7,-1,20,20,12,15,0,,,,
2021.IndInf,21,25_08/31,25,B,21.B,44439,14,7,7,20,20,12,15,0,,,,
2021.IndInf,21,25_09/07,25,B,21.B,44446,21,7,14,20,20,12,15,0,,,,
2021.IndInf,21,25_09/14,25,B,21.B,44453,28,7,21,20,20,12,15,0,,,,
2021.IndInf,21,25_09/21,25,B,21.B,44460,35,7,28,20,20,12,15,0,,,,
2021.IndInf,21,26_08/23,26,B,21.B,44431,6,7,-1,10,10,16,16,0,,,,
2021.IndInf,21,26_09/07,26,B,21.B,44446,21,7,14,10,10,16,16,0,,,,
2021.IndInf,21,26_09/14,26,B,21.B,44453,28,7,21,10,10,16,16,0,,,,
2021.IndInf,21,26_09/21,26,B,21.B,44460,35,7,28,10,10,16,16,0,,,,
2021.IndInf,21,27_08/16,27,B,21.B,44424,-1,0,-1,20,20,12,12,0,,,,
2021.IndInf,21,27_08/24,27,B,21.B,44432,7,0,7,20,20,12,12,1.385349279,,,,
2021.IndInf,21,27_09/07,27,B,21.B,44446,21,0,21,20,20,12,12,0,,,,
2021.IndInf,21,27_09/14,27,B,21.B,44453,28,0,28,20,20,12,12,0,,,,
2021.IndInf,21,27_09/21,27,B,21.B,44460,35,0,35,20,20,12,12,0,,,,
2021.IndInf,21,28_08/16,28,B,21.B,44424,-1,0,-1,20,15,15,9,0,,,,
2021.IndInf,21,28_08/24,28,B,21.B,44432,7,0,7,20,15,15,9,3.429362186,,,,
2021.IndInf,21,28_09/07,28,B,21.B,44446,21,0,21,20,15,15,9,0,,,,
2021.IndInf,21,28_09/14,28,B,21.B,44453,28,0,28,20,15,15,9,0,,,,
2021.IndInf,21,28_09/21,28,B,21.B,44460,35,0,35,20,15,15,9,0,,,,
2021.IndInf,21,29_08/23,29,B,21.B,44431,6,7,-1,20,10,15,11,0,,,,
2021.IndInf,21,29_08/31,29,B,21.B,44439,14,7,7,20,10,15,11,2.397353487,,,,
2021.IndInf,21,29_09/07,29,B,21.B,44446,21,7,14,20,10,15,11,6.444207861,,,,
2021.IndInf,21,29_09/14,29,B,21.B,44453,28,7,21,20,10,15,11,4.323060431,,,,
2021.IndInf,21,30_08/16,30,B,21.B,44424,-1,0,-1,20,25,15,13,0.59017816,,,,
2021.IndInf,21,30_08/24,30,B,21.B,44432,7,0,7,20,25,15,13,1.05581202,,,,
2021.IndInf,21,30_08/31,30,B,21.B,44439,14,0,14,20,25,15,13,0,,,,
2021.IndInf,21,30_09/07,30,B,21.B,44446,21,0,21,20,25,15,13,0,,,,
2021.IndInf,21,30_09/14,30,B,21.B,44453,28,0,28,20,25,15,13,0.393023507,,,,
2021.IndInf,21,30_09/21,30,B,21.B,44460,35,0,35,20,25,15,13,0,,,,
2021.IndInf,21,31_08/16,31,B,21.B,44424,-1,0,-1,10,20,16,15,0,,,,
2021.IndInf,21,31_09/07,31,B,21.B,44446,21,0,21,10,20,16,15,0,,,,
2021.IndInf,21,31_09/14,31,B,21.B,44453,28,0,28,10,20,16,15,0,,,,
2021.IndInf,21,31_09/21,31,B,21.B,44460,35,0,35,10,20,16,15,0,,,,
2021.IndInf,21,32_08/16,32,B,21.B,44424,-1,0,-1,10,25,11,10,0,,,,
2021.IndInf,21,32_08/24,32,B,21.B,44432,7,0,7,10,25,11,10,0.832520442,,,,
2021.IndInf,21,32_09/07,32,B,21.B,44446,21,0,21,10,25,11,10,0,,,,
2021.IndInf,21,32_09/14,32,B,21.B,44453,28,0,28,10,25,11,10,0,,,,
2021.IndInf,21,32_09/21,32,B,21.B,44460,35,0,35,10,25,11,10,0,,,,
2021.IndInf,21,33_08/16,33,C,21.C,44424,-1,0,-1,20,15,23,24,0,,,,
2021.IndInf,21,33_08/24,33,C,21.C,44432,7,0,7,20,15,23,24,5.893127532,,,,
2021.IndInf,21,33_09/07,33,C,21.C,44446,21,0,21,20,15,23,24,0,,,,
2021.IndInf,21,33_09/14,33,C,21.C,44453,28,0,28,20,15,23,24,0,,,,
2021.IndInf,21,33_09/21,33,C,21.C,44460,35,0,35,20,15,23,24,0,,,,
2021.IndInf,21,34_08/16,34,C,21.C,44424,-1,0,-1,10,15,21,20,0,,,,
2021.IndInf,21,34_08/24,34,C,21.C,44432,7,0,7,10,15,21,20,0,,,,
2021.IndInf,21,34_08/31,34,C,21.C,44439,14,0,14,10,15,21,20,0,,,,
2021.IndInf,21,34_09/07,34,C,21.C,44446,21,0,21,10,15,21,20,6.508702444,,,,
2021.IndInf,21,34_09/14,34,C,21.C,44453,28,0,28,10,15,21,20,5.393661764,,,,
2021.IndInf,21,34_09/21,34,C,21.C,44460,35,0,35,10,15,21,20,1.884296001,,,,
2021.IndInf,21,35_08/09,35,C,21.C,44417,-8,-7,-1,20,10,23,21,0,,,,
2021.IndInf,21,35_08/17,35,C,21.C,44425,0,-7,7,20,10,23,21,0,,,,
2021.IndInf,21,35_08/24,35,C,21.C,44432,7,-7,14,20,10,23,21,0,,,,
2021.IndInf,21,35_09/07,35,C,21.C,44446,21,-7,28,20,10,23,21,0,,,,
2021.IndInf,21,35_09/14,35,C,21.C,44453,28,-7,35,20,10,23,21,0,,,,
2021.IndInf,21,35_09/21,35,C,21.C,44460,35,-7,42,20,10,23,21,0,,,,
2021.IndInf,21,36_08/23,36,C,21.C,44431,6,7,-1,10,20,21,23,0,,,,
2021.IndInf,21,36_09/07,36,C,21.C,44446,21,7,14,10,20,21,23,0,,,,
2021.IndInf,21,36_09/14,36,C,21.C,44453,28,7,21,10,20,21,23,0,,,,
2021.IndInf,21,36_09/21,36,C,21.C,44460,35,7,28,10,20,21,23,0,,,,
2021.IndInf,21,37_08/16,37,C,21.C,44424,-1,0,-1,10,25,17,19,0,,,,
2021.IndInf,21,37_08/24,37,C,21.C,44432,7,0,7,10,25,17,19,0,,,,
2021.IndInf,21,37_09/07,37,C,21.C,44446,21,0,21,10,25,17,19,0,,,,
2021.IndInf,21,37_09/14,37,C,21.C,44453,28,0,28,10,25,17,19,0,,,,
2021.IndInf,21,37_09/21,37,C,21.C,44460,35,0,35,10,25,17,19,0,,,,
2021.IndInf,21,38_08/23,38,C,21.C,44431,6,7,-1,20,10,18,17,0,,,,
2021.IndInf,21,38_08/31,38,C,21.C,44439,14,7,7,20,10,18,17,6.234966051,,,,
2021.IndInf,21,38_09/07,38,C,21.C,44446,21,7,14,20,10,18,17,4.074971492,,,,
2021.IndInf,21,38_09/14,38,C,21.C,44453,28,7,21,20,10,18,17,0.824831346,,,,
2021.IndInf,21,38_09/21,38,C,21.C,44460,35,7,28,20,10,18,17,0,,,,
2021.IndInf,21,39_08/16,39,C,21.C,44424,-1,0,-1,20,25,18,22,0,,,,
2021.IndInf,21,39_08/24,39,C,21.C,44432,7,0,7,20,25,18,22,0,,,,
2021.IndInf,21,39_09/07,39,C,21.C,44446,21,0,21,20,25,18,22,0,,,,
2021.IndInf,21,39_09/14,39,C,21.C,44453,28,0,28,20,25,18,22,0,,,,
2021.IndInf,21,39_09/21,39,C,21.C,44460,35,0,35,20,25,18,22,0,,,,
2021.IndInf,21,40_08/16,40,C,21.C,44424,-1,0,-1,20,10,23,17,0,,,,
2021.IndInf,21,40_08/24,40,C,21.C,44432,7,0,7,20,10,23,17,5.747547441,,,,
2021.IndInf,21,40_08/31,40,C,21.C,44439,14,0,14,20,10,23,17,5.326293997,,,,
2021.IndInf,21,40_09/07,40,C,21.C,44446,21,0,21,20,10,23,17,6.902653816,,,,
2021.IndInf,21,40_09/14,40,C,21.C,44453,28,0,28,20,10,23,17,4.92593712,,,,
2021.IndInf,21,40_09/21,40,C,21.C,44460,35,0,35,20,10,23,17,1.823534306,,,,
2021.IndInf,21,41_08/16,41,C,21.C,44424,-1,0,-1,20,20,18,18,0,,,,
2021.IndInf,21,41_08/24,41,C,21.C,44432,7,0,7,20,20,18,18,4.657547492,,,,
2021.IndInf,21,41_08/31,41,C,21.C,44439,14,0,14,20,20,18,18,0,,,,
2021.IndInf,21,41_09/07,41,C,21.C,44446,21,0,21,20,20,18,18,0,,,,
2021.IndInf,21,41_09/14,41,C,21.C,44453,28,0,28,20,20,18,18,0,,,,
2021.IndInf,21,41_09/21,41,C,21.C,44460,35,0,35,20,20,18,18,0,,,,
2021.IndInf,21,42_08/16,42,C,21.C,44424,-1,0,-1,10,20,17,23,0,,,,
2021.IndInf,21,42_08/24,42,C,21.C,44432,7,0,7,10,20,17,23,0.671201645,,,,
2021.IndInf,21,42_09/07,42,C,21.C,44446,21,0,21,10,20,17,23,6.700272894,,,,
2021.IndInf,21,42_09/14,42,C,21.C,44453,28,0,28,10,20,17,23,5.721750664,,,,
2021.IndInf,21,42_09/21,42,C,21.C,44460,35,0,35,10,20,17,23,3.699834912,,,,
2021.IndInf,21,43_08/23,43,C,21.C,44431,6,7,-1,10,10,17,21,0,,,,
2021.IndInf,21,43_09/07,43,C,21.C,44446,21,7,14,10,10,17,21,6.492450137,,,,
2021.IndInf,21,43_09/14,43,C,21.C,44453,28,7,21,10,10,17,21,2.018008919,,,,
2021.IndInf,21,43_09/21,43,C,21.C,44460,35,7,28,10,10,17,21,1.566778398,,,,
2021.IndInf,21,44_08/16,44,C,21.C,44424,-1,0,-1,10,10,21,21,0,,,,
2021.IndInf,21,44_08/24,44,C,21.C,44432,7,0,7,10,10,21,21,0,,,,
2021.IndInf,21,44_09/07,44,C,21.C,44446,21,0,21,10,10,21,21,1.315785108,,,,
2021.IndInf,21,44_09/14,44,C,21.C,44453,28,0,28,10,10,21,21,0,,,,
2021.IndInf,21,44_09/21,44,C,21.C,44460,35,0,35,10,10,21,21,0,,,,
2021.IndInf,21,45_08/23,45,C,21.C,44431,6,7,-1,20,20,23,18,0,,,,
2021.IndInf,21,45_09/07,45,C,21.C,44446,21,7,14,20,20,23,18,0,,,,
2021.IndInf,21,45_09/14,45,C,21.C,44453,28,7,21,20,20,23,18,0,,,,
2021.IndInf,21,45_09/21,45,C,21.C,44460,35,7,28,20,20,23,18,0,,,,
2021.IndInf,21,46_08/09,46,C,21.C,44417,-8,-7,-1,10,20,17,18,0,,,,
2021.IndInf,21,46_08/17,46,C,21.C,44425,0,-7,7,10,20,17,18,5.963563689,,,,
2021.IndInf,21,46_08/24,46,C,21.C,44432,7,-7,14,10,20,17,18,0.867922099,,,,
2021.IndInf,21,46_08/31,46,C,21.C,44439,14,-7,21,10,20,17,18,0,,,,
2021.IndInf,21,46_09/07,46,C,21.C,44446,21,-7,28,10,20,17,18,0,,,,
2021.IndInf,21,46_09/14,46,C,21.C,44453,28,-7,35,10,20,17,18,0,,,,
2021.IndInf,21,46_09/21,46,C,21.C,44460,35,-7,42,10,20,17,18,0,,,,
2021.IndInf,21,47_08/09,47,C,21.C,44417,-8,-7,-1,20,20,18,23,0.767376453,,,,
2021.IndInf,21,47_08/17,47,C,21.C,44425,0,-7,7,20,20,18,23,0,,,,
2021.IndInf,21,47_08/24,47,C,21.C,44432,7,-7,14,20,20,18,23,0,,,,
2021.IndInf,21,47_09/07,47,C,21.C,44446,21,-7,28,20,20,18,23,0,,,,
2021.IndInf,21,47_09/14,47,C,21.C,44453,28,-7,35,20,20,18,23,0,,,,
2021.IndInf,21,47_09/21,47,C,21.C,44460,35,-7,42,20,20,18,23,0,,,,
2021.IndInf,21,48_08/09,48,C,21.C,44417,-8,-7,-1,10,10,21,17,0,,,,
2021.IndInf,21,48_08/17,48,C,21.C,44425,0,-7,7,10,10,21,17,4.071464232,,,,
2021.IndInf,21,48_08/24,48,C,21.C,44432,7,-7,14,10,10,21,17,1.029660255,,,,
2021.IndInf,21,48_09/07,48,C,21.C,44446,21,-7,28,10,10,21,17,0.022740352,,,,
2021.IndInf,21,48_09/14,48,C,21.C,44453,28,-7,35,10,10,21,17,0,,,,
2021.IndInf,21,48_09/21,48,C,21.C,44460,35,-7,42,10,10,21,17,0,,,,
2021.IndInf,21,49_08/09,49,D,21.D,44417,-8,-7,-1,10,20,30,31,0,,,,
2021.IndInf,21,49_08/17,49,D,21.D,44425,0,-7,7,10,20,30,31,7.582281414,,,,
2021.IndInf,21,49_08/24,49,D,21.D,44432,7,-7,14,10,20,30,31,0,,,,
2021.IndInf,21,49_09/07,49,D,21.D,44446,21,-7,28,10,20,30,31,0,,,,
2021.IndInf,21,49_09/14,49,D,21.D,44453,28,-7,35,10,20,30,31,0,,,,
2021.IndInf,21,49_09/21,49,D,21.D,44460,35,-7,42,10,20,30,31,0,,,,
2021.IndInf,21,50_08/16,50,D,21.D,44424,-1,0,-1,10,25,26,27,0,,,,
2021.IndInf,21,50_08/24,50,D,21.D,44432,7,0,7,10,25,26,27,0,,,,
2021.IndInf,21,50_09/07,50,D,21.D,44446,21,0,21,10,25,26,27,0,,,,
2021.IndInf,21,50_09/14,50,D,21.D,44453,28,0,28,10,25,26,27,0,,,,
2021.IndInf,21,50_09/21,50,D,21.D,44460,35,0,35,10,25,26,27,0,,,,
2021.IndInf,21,51_08/23,51,D,21.D,44431,6,7,-1,10,10,30,26,0,,,,
2021.IndInf,21,51_09/07,51,D,21.D,44446,21,7,14,10,10,30,26,7.727396237,,,,
2021.IndInf,21,51_09/14,51,D,21.D,44453,28,7,21,10,10,30,26,2.429191879,,,,
2021.IndInf,21,51_09/21,51,D,21.D,44460,35,7,28,10,10,30,26,5.145907804,,,,
2021.IndInf,21,52_08/23,52,D,21.D,44431,6,7,-1,10,20,26,31,0,,,,
2021.IndInf,21,52_09/07,52,D,21.D,44446,21,7,14,10,20,26,31,0,,,,
2021.IndInf,21,52_09/14,52,D,21.D,44453,28,7,21,10,20,26,31,0,,,,
2021.IndInf,21,52_09/21,52,D,21.D,44460,35,7,28,10,20,26,31,0,,,,
2021.IndInf,21,53_08/09,53,D,21.D,44417,-8,-7,-1,20,20,28,28,0,,,,
2021.IndInf,21,53_08/17,53,D,21.D,44425,0,-7,7,20,20,28,28,1.408661774,,,,
2021.IndInf,21,53_08/24,53,D,21.D,44432,7,-7,14,20,20,28,28,0,,,,
2021.IndInf,21,53_08/31,53,D,21.D,44439,14,-7,21,20,20,28,28,0,,,,
2021.IndInf,21,53_09/07,53,D,21.D,44446,21,-7,28,20,20,28,28,0,,,,
2021.IndInf,21,53_09/14,53,D,21.D,44453,28,-7,35,20,20,28,28,0,,,,
2021.IndInf,21,53_09/21,53,D,21.D,44460,35,-7,42,20,20,28,28,0,,,,
2021.IndInf,21,54_08/23,54,D,21.D,44431,6,7,-1,20,20,31,28,0,,,,
2021.IndInf,21,54_09/07,54,D,21.D,44446,21,7,14,20,20,31,28,0,,,,
2021.IndInf,21,54_09/14,54,D,21.D,44453,28,7,21,20,20,31,28,0,,,,
2021.IndInf,21,54_09/21,54,D,21.D,44460,35,7,28,20,20,31,28,0,,,,
2021.IndInf,21,55_08/16,55,D,21.D,44424,-1,0,-1,10,10,30,30,0,,,,
2021.IndInf,21,55_08/24,55,D,21.D,44432,7,0,7,10,10,30,30,0,,,,
2021.IndInf,21,55_08/31,55,D,21.D,44439,14,0,14,10,10,30,30,0,,,,
2021.IndInf,21,55_09/07,55,D,21.D,44446,21,0,21,10,10,30,30,0,,,,
2021.IndInf,21,55_09/14,55,D,21.D,44453,28,0,28,10,10,30,30,0,,,,
2021.IndInf,21,55_09/21,55,D,21.D,44460,35,0,35,10,10,30,30,0,,,,
2021.IndInf,21,56_08/09,56,D,21.D,44417,-8,-7,-1,10,10,26,26,0,,,,
2021.IndInf,21,56_08/17,56,D,21.D,44425,0,-7,7,10,10,26,26,5.030767739,,,,
2021.IndInf,21,56_08/24,56,D,21.D,44432,7,-7,14,10,10,26,26,4.56615366,,,,
2021.IndInf,21,56_09/07,56,D,21.D,44446,21,-7,28,10,10,26,26,1.831433266,,,,
2021.IndInf,21,56_09/14,56,D,21.D,44453,28,-7,35,10,10,26,26,1.57828571,,,,
2021.IndInf,21,56_09/21,56,D,21.D,44460,35,-7,42,10,10,26,26,0,,,,
2021.IndInf,21,57_08/16,57,D,21.D,44424,-1,0,-1,20,15,28,29,0,,,,
2021.IndInf,21,57_08/24,57,D,21.D,44432,7,0,7,20,15,28,29,6.918435713,,,,
2021.IndInf,21,57_08/31,57,D,21.D,44439,14,0,14,20,15,28,29,1.63698611,,,,
2021.IndInf,21,57_09/07,57,D,21.D,44446,21,0,21,20,15,28,29,0,,,,
2021.IndInf,21,57_09/14,57,D,21.D,44453,28,0,28,20,15,28,29,4.650711233,,,,
2021.IndInf,21,57_09/21,57,D,21.D,44460,35,0,35,20,15,28,29,0,,,,
2021.IndInf,21,58_08/16,58,D,21.D,44424,-1,0,-1,20,10,31,26,0.93722331,,,,
2021.IndInf,21,58_08/24,58,D,21.D,44432,7,0,7,20,10,31,26,7.903944673,,,,
2021.IndInf,21,58_09/07,58,D,21.D,44446,21,0,21,20,10,31,26,0,,,,
2021.IndInf,21,58_09/14,58,D,21.D,44453,28,0,28,20,10,31,26,7.073950217,,,,
2021.IndInf,21,58_09/21,58,D,21.D,44460,35,0,35,20,10,31,26,7.300693632,,,,
2021.IndInf,21,59_08/16,59,D,21.D,44424,-1,0,-1,10,15,26,25,0,,,,
2021.IndInf,21,59_08/24,59,D,21.D,44432,7,0,7,10,15,26,25,5.425015468,,,,
2021.IndInf,21,59_08/31,59,D,21.D,44439,14,0,14,10,15,26,25,1.240072949,,,,
2021.IndInf,21,59_09/07,59,D,21.D,44446,21,0,21,10,15,26,25,4.731604415,,,,
2021.IndInf,21,59_09/14,59,D,21.D,44453,28,0,28,10,15,26,25,4.705045478,,,,
2021.IndInf,21,59_09/21,59,D,21.D,44460,35,0,35,10,15,26,25,1.028338047,,,,
2021.IndInf,21,60_08/16,60,D,21.D,44424,-1,0,-1,10,20,30,31,0,,,,
2021.IndInf,21,60_08/24,60,D,21.D,44432,7,0,7,10,20,30,31,0,,,,
2021.IndInf,21,60_09/07,60,D,21.D,44446,21,0,21,10,20,30,31,0,,,,
2021.IndInf,21,60_09/14,60,D,21.D,44453,28,0,28,10,20,30,31,0,,,,
2021.IndInf,21,60_09/21,60,D,21.D,44460,35,0,35,10,20,30,31,0,,,,
2021.IndInf,21,61_08/16,61,D,21.D,44424,-1,0,-1,20,20,31,28,0,,,,
2021.IndInf,21,61_08/24,61,D,21.D,44432,7,0,7,20,20,31,28,0,,,,
2021.IndInf,21,61_08/31,61,D,21.D,44439,14,0,14,20,20,31,28,0.556583288,,,,
2021.IndInf,21,61_09/07,61,D,21.D,44446,21,0,21,20,20,31,28,0,,,,
2021.IndInf,21,61_09/14,61,D,21.D,44453,28,0,28,20,20,31,28,0,,,,
2021.IndInf,21,61_09/21,61,D,21.D,44460,35,0,35,20,20,31,28,0,,,,
2021.IndInf,21,62_08/09,62,D,21.D,44417,-8,-7,-1,20,10,31,30,0,,,,
2021.IndInf,21,62_08/17,62,D,21.D,44425,0,-7,7,20,10,31,30,0,,,,
2021.IndInf,21,62_08/24,62,D,21.D,44432,7,-7,14,20,10,31,30,1.184117382,,,,
2021.IndInf,21,62_09/07,62,D,21.D,44446,21,-7,28,20,10,31,30,9.213759734,,,,
2021.IndInf,21,62_09/14,62,D,21.D,44453,28,-7,35,20,10,31,30,6.702786363,,,,
2021.IndInf,21,62_09/21,62,D,21.D,44460,35,-7,42,20,10,31,30,6.493321758,,,,
2021.IndInf,21,63_08/23,63,D,21.D,44431,6,7,-1,20,10,28,30,0,,,,
2021.IndInf,21,63_09/07,63,D,21.D,44446,21,7,14,20,10,28,30,0,,,,
2021.IndInf,21,63_09/14,63,D,21.D,44453,28,7,21,20,10,28,30,0,,,,
2021.IndInf,21,63_09/21,63,D,21.D,44460,35,7,28,20,10,28,30,0,,,,
2021.IndInf,21,64_08/16,64,D,21.D,44424,-1,0,-1,20,25,28,32,0,,,,
2021.IndInf,21,64_08/24,64,D,21.D,44432,7,0,7,20,25,28,32,5.602760837,,,,
2021.IndInf,21,64_08/31,64,D,21.D,44439,14,0,14,20,25,28,32,0,,,,
2021.IndInf,21,64_09/07,64,D,21.D,44446,21,0,21,20,25,28,32,0,,,,
2021.IndInf,21,64_09/14,64,D,21.D,44453,28,0,28,20,25,28,32,0,,,,
2021.IndInf,21,64_09/21,64,D,21.D,44460,35,0,35,20,25,28,32,0,,,,
2021.IndInf,21,65_08/16,65,E,21.E,44424,-1,0,-1,10,25,35,40,0,,,,
2021.IndInf,21,65_08/24,65,E,21.E,44432,7,0,7,10,25,35,40,0,,,,
2021.IndInf,21,65_09/07,65,E,21.E,44446,21,0,21,10,25,35,40,0,,,,
2021.IndInf,21,65_09/14,65,E,21.E,44453,28,0,28,10,25,35,40,0,,,,
2021.IndInf,21,65_09/21,65,E,21.E,44460,35,0,35,10,25,35,40,0,,,,
2021.IndInf,21,66_08/09,66,E,21.E,44417,-8,0,-8,10,20,38,33,0,,,,
2021.IndInf,21,66_08/16,66,E,21.E,44424,-1,0,-1,10,20,38,33,0,,,,
2021.IndInf,21,66_08/24,66,E,21.E,44432,7,0,7,10,20,38,33,0,,,,
2021.IndInf,21,66_08/31,66,E,21.E,44439,14,0,14,10,20,38,33,0,,,,
2021.IndInf,21,66_09/07,66,E,21.E,44446,21,0,21,10,20,38,33,0,,,,
2021.IndInf,21,66_09/14,66,E,21.E,44453,28,0,28,10,20,38,33,0,,,,
2021.IndInf,21,66_09/21,66,E,21.E,44460,35,0,35,10,20,38,33,0,,,,
2021.IndInf,21,67_08/09,67,E,21.E,44417,-8,-7,-1,10,20,35,39,0,,,,
2021.IndInf,21,67_08/17,67,E,21.E,44425,0,-7,7,10,20,35,39,5.134663022,,,,
2021.IndInf,21,67_08/24,67,E,21.E,44432,7,-7,14,10,20,35,39,0,,,,
2021.IndInf,21,67_08/31,67,E,21.E,44439,14,-7,21,10,20,35,39,0,,,,
2021.IndInf,21,67_09/07,67,E,21.E,44446,21,-7,28,10,20,35,39,0,,,,
2021.IndInf,21,67_09/14,67,E,21.E,44453,28,-7,35,10,20,35,39,0,,,,
2021.IndInf,21,67_09/21,67,E,21.E,44460,35,-7,42,10,20,35,39,0,,,,
2021.IndInf,21,68_08/09,68,E,21.E,44417,-8,-7,-1,20,10,33,38,0,,,,
2021.IndInf,21,68_08/17,68,E,21.E,44425,0,-7,7,20,10,33,38,0,,,,
2021.IndInf,21,68_08/24,68,E,21.E,44432,7,-7,14,20,10,33,38,0,,,,
2021.IndInf,21,68_08/31,68,E,21.E,44439,14,-7,21,20,10,33,38,0,,,,
2021.IndInf,21,68_09/07,68,E,21.E,44446,21,-7,28,20,10,33,38,0,,,,
2021.IndInf,21,68_09/14,68,E,21.E,44453,28,-7,35,20,10,33,38,0,,,,
2021.IndInf,21,68_09/21,68,E,21.E,44460,35,-7,42,20,10,33,38,0,,,,
2021.IndInf,21,69_08/09,69,E,21.E,44417,-8,0,-8,20,20,39,39,0,,,,
2021.IndInf,21,69_08/16,69,E,21.E,44424,-1,0,-1,20,20,39,39,0,,,,
2021.IndInf,21,69_08/24,69,E,21.E,44432,7,0,7,20,20,39,39,0,,,,
2021.IndInf,21,69_08/31,69,E,21.E,44439,14,0,14,20,20,39,39,0,,,,
2021.IndInf,21,69_09/07,69,E,21.E,44446,21,0,21,20,20,39,39,0,,,,
2021.IndInf,21,69_09/14,69,E,21.E,44453,28,0,28,20,20,39,39,0,,,,
2021.IndInf,21,69_09/21,69,E,21.E,44460,35,0,35,20,20,39,39,0,,,,
2021.IndInf,21,70_08/09,70,E,21.E,44417,-8,0,-8,10,10,35,35,0,,,,
2021.IndInf,21,70_08/16,70,E,21.E,44424,-1,0,-1,10,10,35,35,0,,,,
2021.IndInf,21,70_08/24,70,E,21.E,44432,7,0,7,10,10,35,35,5.461159668,,,,
2021.IndInf,21,70_09/07,70,E,21.E,44446,21,0,21,10,10,35,35,4.26734829,,,,
2021.IndInf,21,70_09/14,70,E,21.E,44453,28,0,28,10,10,35,35,1.827676479,,,,
2021.IndInf,21,70_09/21,70,E,21.E,44460,35,0,35,10,10,35,35,6.154424036,,,,
2021.IndInf,21,71_08/09,71,E,21.E,44417,-8,7,-15,10,20,38,33,0,,,,
2021.IndInf,21,71_08/23,71,E,21.E,44431,6,7,-1,10,20,38,33,0,,,,
2021.IndInf,21,71_09/07,71,E,21.E,44446,21,7,14,10,20,38,33,0,,,,
2021.IndInf,21,71_09/14,71,E,21.E,44453,28,7,21,10,20,38,33,0,,,,
2021.IndInf,21,71_09/21,71,E,21.E,44460,35,7,28,10,20,38,33,0,,,,
2021.IndInf,21,72_08/09,72,E,21.E,44417,-8,0,-8,20,15,33,37,0,,,,
2021.IndInf,21,72_08/16,72,E,21.E,44424,-1,0,-1,20,15,33,37,0,,,,
2021.IndInf,21,72_08/24,72,E,21.E,44432,7,0,7,20,15,33,37,7.192438258,,,,
2021.IndInf,21,72_08/31,72,E,21.E,44439,14,0,14,20,15,33,37,6.479840635,,,,
2021.IndInf,21,72_09/07,72,E,21.E,44446,21,0,21,20,15,33,37,1.849317531,,,,
2021.IndInf,21,72_09/14,72,E,21.E,44453,28,0,28,20,15,33,37,4.462936364,,,,
2021.IndInf,21,72_09/21,72,E,21.E,44460,35,0,35,20,15,33,37,0,,,,
2021.IndInf,21,73_08/09,73,E,21.E,44417,-8,0,-8,20,10,39,38,0,,,,
2021.IndInf,21,73_08/16,73,E,21.E,44424,-1,0,-1,20,10,39,38,0,,,,
2021.IndInf,21,73_08/24,73,E,21.E,44432,7,0,7,20,10,39,38,6.879850444,,,,
2021.IndInf,21,73_09/07,73,E,21.E,44446,21,0,21,20,10,39,38,4.88188342,,,,
2021.IndInf,21,73_09/14,73,E,21.E,44453,28,0,28,20,10,39,38,4.15125984,,,,
2021.IndInf,21,73_09/21,73,E,21.E,44460,35,0,35,20,10,39,38,2.991406243,,,,
2021.IndInf,21,74_08/09,74,E,21.E,44417,-8,7,-15,10,10,35,38,0,,,,
2021.IndInf,21,74_08/23,74,E,21.E,44431,6,7,-1,10,10,35,38,0,,,,
2021.IndInf,21,74_08/31,74,E,21.E,44439,14,7,7,10,10,35,38,5.674135442,,,,
2021.IndInf,21,74_09/07,74,E,21.E,44446,21,7,14,10,10,35,38,0,,,,
2021.IndInf,21,74_09/14,74,E,21.E,44453,28,7,21,10,10,35,38,4.299859168,,,,
2021.IndInf,21,74_09/21,74,E,21.E,44460,35,7,28,10,10,35,38,1.698333589,,,,
2021.IndInf,21,75_08/09,75,E,21.E,44417,-8,0,-8,10,15,38,34,0,,,,
2021.IndInf,21,75_08/16,75,E,21.E,44424,-1,0,-1,10,15,38,34,0,,,,
2021.IndInf,21,75_08/24,75,E,21.E,44432,7,0,7,10,15,38,34,1.237056883,,,,
2021.IndInf,21,75_09/07,75,E,21.E,44446,21,0,21,10,15,38,34,5.320231415,,,,
2021.IndInf,21,75_09/14,75,E,21.E,44453,28,0,28,10,15,38,34,0,,,,
2021.IndInf,21,75_09/21,75,E,21.E,44460,35,0,35,10,15,38,34,1.537104123,,,,
2021.IndInf,21,76_08/09,76,E,21.E,44417,-8,7,-15,20,10,39,35,0,,,,
2021.IndInf,21,76_08/23,76,E,21.E,44431,6,7,-1,20,10,39,35,0,,,,
2021.IndInf,21,76_08/31,76,E,21.E,44439,14,7,7,20,10,39,35,6.416751323,,,,
2021.IndInf,21,76_09/07,76,E,21.E,44446,21,7,14,20,10,39,35,5.159495451,,,,
2021.IndInf,21,76_09/14,76,E,21.E,44453,28,7,21,20,10,39,35,8.312572438,,,,
2021.IndInf,21,76_09/21,76,E,21.E,44460,35,7,28,20,10,39,35,5.37814079,,,,
2021.IndInf,21,77_08/09,77,E,21.E,44417,-8,0,-8,20,25,33,36,0,,,,
2021.IndInf,21,77_08/16,77,E,21.E,44424,-1,0,-1,20,25,33,36,0,,,,
2021.IndInf,21,77_08/24,77,E,21.E,44432,7,0,7,20,25,33,36,0,,,,
2021.IndInf,21,77_08/31,77,E,21.E,44439,14,0,14,20,25,33,36,0,,,,
2021.IndInf,21,77_09/07,77,E,21.E,44446,21,0,21,20,25,33,36,0,,,,
2021.IndInf,21,77_09/14,77,E,21.E,44453,28,0,28,20,25,33,36,0,,,,
2021.IndInf,21,77_09/21,77,E,21.E,44460,35,0,35,20,25,33,36,0,,,,
2021.IndInf,21,78_08/09,78,E,21.E,44417,-8,-7,-1,10,10,38,35,0,,,,
2021.IndInf,21,78_08/17,78,E,21.E,44425,0,-7,7,10,10,38,35,1.318999072,,,,
2021.IndInf,21,78_08/24,78,E,21.E,44432,7,-7,14,10,10,38,35,0,,,,
2021.IndInf,21,78_09/07,78,E,21.E,44446,21,-7,28,10,10,38,35,0,,,,
2021.IndInf,21,78_09/14,78,E,21.E,44453,28,-7,35,10,10,38,35,0,,,,
2021.IndInf,21,78_09/21,78,E,21.E,44460,35,-7,42,10,10,38,35,0,,,,
2021.IndInf,21,79_08/09,79,E,21.E,44417,-8,7,-15,20,20,33,39,0,,,,
2021.IndInf,21,79_08/23,79,E,21.E,44431,6,7,-1,20,20,33,39,0,,,,
2021.IndInf,21,79_08/31,79,E,21.E,44439,14,7,7,20,20,33,39,0,,,,
2021.IndInf,21,79_09/07,79,E,21.E,44446,21,7,14,20,20,33,39,0,,,,
2021.IndInf,21,79_09/14,79,E,21.E,44453,28,7,21,20,20,33,39,0,,,,
2021.IndInf,21,79_09/21,79,E,21.E,44460,35,7,28,20,20,33,39,0,,,,
2021.IndInf,21,80_08/09,80,E,21.E,44417,-8,-7,-1,20,20,39,33,0,,,,
2021.IndInf,21,80_08/17,80,E,21.E,44425,0,-7,7,20,20,39,33,1.703189751,,,,
2021.IndInf,21,80_08/24,80,E,21.E,44432,7,-7,14,20,20,39,33,0,,,,
2021.IndInf,21,80_09/07,80,E,21.E,44446,21,-7,28,20,20,39,33,0,,,,
2021.IndInf,21,80_09/14,80,E,21.E,44453,28,-7,35,20,20,39,33,0,,,,
2021.IndInf,21,80_09/21,80,E,21.E,44460,35,-7,42,20,20,39,33,0,,,,
2021.IndInf,21,81_08/09,81,E,21.E,44417,-8,-7,-1,20,20,39,33,0,,,,
2021.IndInf,21,82_08/09,82,E,21.E,44417,-8,-7,-1,20,20,39,33,0,,,,
2021.IndInf,21,83_08/09,83,E,21.E,44417,-8,-7,-1,20,20,39,33,0,,,,
2021.IndInf,21,84_08/09,84,E,21.E,44417,-8,-7,-1,20,20,39,33,0,,,,
2021.IndInf,21,85_08/09,85,E,21.E,44417,-8,-7,-1,20,20,39,33,0,,,,
2021.IndInf,21,86_08/09,86,E,21.E,44417,-8,-7,-1,20,20,39,33,0,,,,
2021.IndInf,21,87_08/09,87,E,21.E,44417,-8,-7,-1,20,20,39,33,0,,,,
2021.IndInf,21,88_08/09,88,E,21.E,44417,-8,-7,-1,20,20,39,33,0,,,,
2021.IndInf,21,89_08/09,89,E,21.E,44417,-8,-7,-1,20,20,39,33,0,,,,
2021.IndInf,21,62_08/31,62,D,21.D,44439,14,-7,21,20,10,31,30,2.103925849,,,,
2021.IndInf,21,16_08/31,16,A,21.A,44439,14,0,14,10,20,1,4,0,,,,
2021.IndInf,21,48_08/31,48,C,21.C,44439,14,-7,21,10,10,21,17,1.751768082,,,,
2021.IndInf,21,49_08/31,49,D,21.D,44439,14,-7,21,10,20,30,31,0,,,,
2021.IndInf,21,43_08/31,43,C,21.C,44439,14,7,7,10,10,17,21,0,,,,
2021.IndInf,21,31_08/31,31,B,21.B,44439,14,0,14,10,20,16,15,0,,,,
2021.IndInf,21,12_08/31,12,A,21.A,44439,14,7,7,20,20,6,7,4.79238503,,,,
2021.IndInf,21,58_08/31,58,D,21.D,44439,14,0,14,20,10,31,26,8.136900116,,,,
2021.IndInf,21,15_08/31,15,A,21.A,44439,14,0,14,10,10,6,1,0,,,,
2021.IndInf,21,50_08/31,50,D,21.D,44439,14,0,14,10,25,26,27,0,,,,
2021.IndInf,21,51_08/31,51,D,21.D,44439,14,7,7,10,10,30,26,7.278676002,,,,
2021.IndInf,21,35_08/31,35,C,21.C,44439,14,-7,21,20,10,23,21,0,,,,
2021.IndInf,21,78_08/31,78,E,21.E,44439,14,-7,21,10,10,38,35,0,,,,
2021.IndInf,21,19_08/31,19,B,21.B,44439,14,0,14,20,10,12,11,7.345967834,,,,
2021.IndInf,21,63_08/31,63,D,21.D,44439,14,7,7,20,10,28,30,0,,,,
2021.IndInf,21,28_08/31,28,B,21.B,44439,14,0,14,20,15,15,9,0,,,,
2021.IndInf,21,42_08/31,42,C,21.C,44439,14,0,14,10,20,17,23,5.939277902,,,,
2021.IndInf,21,23_08/31,23,B,21.B,44439,14,-7,21,20,10,12,16,0,,,,
2021.IndInf,21,44_08/31,44,C,21.C,44439,14,0,14,10,10,21,21,0,,,,
2021.IndInf,21,37_08/31,37,C,21.C,44439,14,0,14,10,25,17,19,0,,,,
2021.IndInf,21,75_08/31,75,E,21.E,44439,14,0,14,10,15,38,34,0,,,,
2021.IndInf,21,45_08/31,45,C,21.C,44439,14,7,7,20,20,23,18,0,,,,
2021.IndInf,21,47_08/31,47,C,21.C,44439,14,-7,21,20,20,18,23,0,,,,
2021.IndInf,21,33_08/31,33,C,21.C,44439,14,0,14,20,15,23,24,0,,,,
2021.IndInf,21,26_08/31,26,B,21.B,44439,14,7,7,10,10,16,16,0,,,,
2021.IndInf,21,20_08/31,20,B,21.B,44439,14,0,14,10,10,16,16,5.643241258,,,,
2021.IndInf,21,36_08/31,36,C,21.C,44439,14,7,7,10,20,21,23,0,,,,
2021.IndInf,21,39_08/31,39,C,21.C,44439,14,0,14,20,25,18,22,0,,,,
2021.IndInf,21,70_08/31,70,E,21.E,44439,14,0,14,10,10,35,35,0,,,,
2021.IndInf,21,71_08/31,71,E,21.E,44439,14,7,7,10,20,38,33,0,,,,
2021.IndInf,21,05_08/31,5,A,21.A,44439,14,7,7,10,20,7,4,0,,,,
2021.IndInf,21,54_08/31,54,D,21.D,44439,14,7,7,20,20,31,28,5.457256699,,,,
2021.IndInf,21,80_08/31,80,E,21.E,44439,14,-7,21,20,20,39,33,0,,,,
2021.IndInf,21,65_08/31,65,E,21.E,44439,14,0,14,10,25,35,40,0,,,,
2021.IndInf,21,32_08/31,32,B,21.B,44439,14,0,14,10,25,11,10,0,,,,
2021.IndInf,21,09_08/31,9,A,21.A,44439,14,0,14,20,25,4,8,0,,,,
2021.IndInf,21,14_08/31,14,A,21.A,44439,14,0,14,20,15,7,3,0,,,,
2021.IndInf,21,73_08/31,73,E,21.E,44439,14,0,14,20,10,39,38,6.633513499,,,,
2021.IndInf,21,22_08/31,22,B,21.B,44439,14,-7,21,10,10,16,11,0,,,,
2021.IndInf,21,05_08/23,5,A,21.A,44431,6,7,-1,10,20,7,4,0,,,,
2021.IndInf,21,01_08/31,1,A,21.A,44439,14,-7,21,20,20,7,4,0,,,,
2021.IndInf,21,24_08/31,24,B,21.B,44439,14,7,7,10,20,11,12,0,,,,
2021.IndInf,21,27_08/31,27,B,21.B,44439,14,0,14,20,20,12,12,0,,,,
2021.IndInf,21,52_08/31,52,D,21.D,44439,14,7,7,10,20,26,31,6.313037998,,,,
2021.IndInf,21,03_08/31,3,A,21.A,44439,14,0,14,20,20,7,7,0,,,,
2022.IndInf,22,001_07.18,1,A,22.A,44760,-1,0,-1,10,10,1,1,0,,,,
2022.IndInf,22,001_07.26,1,A,22.A,44768,7,0,7,10,10,1,1,0,5.58107952,15,12,
2022.IndInf,22,001_08.02,1,A,22.A,44775,14,0,14,10,10,1,1,1.841786304,,,,
2022.IndInf,22,002_07.18,2,A,22.A,44760,-1,0,-1,20,10,4,1,0,,,,
2022.IndInf,22,002_07.26,2,A,22.A,44768,7,0,7,20,10,4,1,0,6.368518279,15,20,
2022.IndInf,22,002_08.02,2,A,22.A,44775,14,0,14,20,10,4,1,0,,,,
2022.IndInf,22,002_08.09,2,A,22.A,44782,21,0,21,20,10,4,1,0,,,,
2022.IndInf,22,002_08.16,2,A,22.A,44789,28,0,28,20,10,4,1,0,,,,
2022.IndInf,22,002_08.23,2,A,22.A,44796,35,0,35,20,10,4,1,0,,,,
2022.IndInf,22,003_07.26,3,A,22.A,44768,7,0,7,15,10,3,1,0,2.178568163,15,20,
2022.IndInf,22,003_08.02,3,A,22.A,44775,14,0,14,15,10,3,1,0,,,,
2022.IndInf,22,003_08.09,3,A,22.A,44782,21,0,21,15,10,3,1,0,,,,
2022.IndInf,22,003_08.16,3,A,22.A,44789,28,0,28,15,10,3,1,0,,,,
2022.IndInf,22,003_08.23,3,A,22.A,44796,35,0,35,15,10,3,1,0,0,15,10,
2022.IndInf,22,004_07.18,4,A,22.A,44760,-1,0,-1,15,10,5,1,0,,,,
2022.IndInf,22,004_07.26,4,A,22.A,44768,7,0,7,15,10,5,1,0,6.237126418,15,17,
2022.IndInf,22,004_08.02,4,A,22.A,44775,14,0,14,15,10,5,1,0,,,,
2022.IndInf,22,004_08.09,4,A,22.A,44782,21,0,21,15,10,5,1,0,,,,
2022.IndInf,22,004_08.16,4,A,22.A,44789,28,0,28,15,10,5,1,0,,,,
2022.IndInf,22,004_08.23,4,A,22.A,44796,35,0,35,15,10,5,1,0,0,15,10,
2022.IndInf,22,005_07.18,5,A,22.A,44760,-1,0,-1,10,25,1,2,0,,,,
2022.IndInf,22,005_07.26,5,A,22.A,44768,7,0,7,10,25,1,2,0,0,15,10,
2022.IndInf,22,005_08.02,5,A,22.A,44775,14,0,14,10,25,1,2,0,,,,
2022.IndInf,22,005_08.09,5,A,22.A,44782,21,0,21,10,25,1,2,0,,,,
2022.IndInf,22,005_08.16,5,A,22.A,44789,28,0,28,10,25,1,2,0,,,,
2022.IndInf,22,005_08.23,5,A,22.A,44796,35,0,35,10,25,1,2,0,0,15,10,
2022.IndInf,22,006_07.18,6,A,22.A,44760,-1,0,-1,20,25,4,2,0,,,,
2022.IndInf,22,006_07.26,6,A,22.A,44768,7,0,7,20,25,4,2,0,0,15,10,
2022.IndInf,22,006_08.02,6,A,22.A,44775,14,0,14,20,25,4,2,0,,,,
2022.IndInf,22,006_08.09,6,A,22.A,44782,21,0,21,20,25,4,2,0,,,,
2022.IndInf,22,006_08.16,6,A,22.A,44789,28,0,28,20,25,4,2,0,,,,
2022.IndInf,22,006_08.23,6,A,22.A,44796,35,0,35,20,25,4,2,0,,,,
2022.IndInf,22,007_07.18,7,A,22.A,44760,-1,0,-1,15,25,3,2,0,,,,
2022.IndInf,22,007_07.26,7,A,22.A,44768,7,0,7,15,25,3,2,0,0,15,10,
2022.IndInf,22,007_08.02,7,A,22.A,44775,14,0,14,15,25,3,2,0,,,,
2022.IndInf,22,007_08.09,7,A,22.A,44782,21,0,21,15,25,3,2,0,,,,
2022.IndInf,22,007_08.16,7,A,22.A,44789,28,0,28,15,25,3,2,0,,,,
2022.IndInf,22,007_08.23,7,A,22.A,44796,35,0,35,15,25,3,2,0,,,,
2022.IndInf,22,008_07.18,8,A,22.A,44760,-1,0,-1,15,25,5,2,0,,,,
2022.IndInf,22,008_07.26,8,A,22.A,44768,7,0,7,15,25,5,2,0,0,15,10,
2022.IndInf,22,008_08.02,8,A,22.A,44775,14,0,14,15,25,5,2,0,,,,
2022.IndInf,22,008_08.09,8,A,22.A,44782,21,0,21,15,25,5,2,0,,,,
2022.IndInf,22,008_08.16,8,A,22.A,44789,28,0,28,15,25,5,2,0,,,,
2022.IndInf,22,008_08.23,8,A,22.A,44796,35,0,35,15,25,5,2,0,0,15,10,
2022.IndInf,22,009_07.18,9,A,22.A,44760,-1,0,-1,15,15,3,3,0,,,,
2022.IndInf,22,009_07.26,9,A,22.A,44768,7,0,7,15,15,3,3,0,1.960893355,15,10,
2022.IndInf,22,009_08.02,9,A,22.A,44775,14,0,14,15,15,3,3,0,,,,
2022.IndInf,22,009_08.09,9,A,22.A,44782,21,0,21,15,15,3,3,0,,,,
2022.IndInf,22,009_08.16,9,A,22.A,44789,28,0,28,15,15,3,3,0,,,,
2022.IndInf,22,009_08.23,9,A,22.A,44796,35,0,35,15,15,3,3,0,,,,
2022.IndInf,22,010_07.18,10,A,22.A,44760,-1,0,-1,15,15,5,3,0,,,,
2022.IndInf,22,010_07.26,10,A,22.A,44768,7,0,7,15,15,5,3,0,0,15,10,
2022.IndInf,22,010_08.02,10,A,22.A,44775,14,0,14,15,15,5,3,0.825013617,,,,
2022.IndInf,22,010_08.09,10,A,22.A,44782,21,0,21,15,15,5,3,0,,,,
2022.IndInf,22,010_08.16,10,A,22.A,44789,28,0,28,15,15,5,3,0,,,,
2022.IndInf,22,010_08.23,10,A,22.A,44796,35,0,35,15,15,5,3,0,0,15,10,
2022.IndInf,22,011_07.18,11,A,22.A,44760,-1,0,-1,10,20,1,4,0,,,,
2022.IndInf,22,011_07.18,11,A,22.A,44760,-1,0,-1,10,20,1,4,0,,,,
2022.IndInf,22,011_07.26,11,A,22.A,44768,7,0,7,10,20,1,4,2.14638295,0,15,10,
2022.IndInf,22,011_08.02,11,A,22.A,44775,14,0,14,10,20,1,4,0,,,,
2022.IndInf,22,011_08.09,11,A,22.A,44782,21,0,21,10,20,1,4,0,,,,
2022.IndInf,22,011_08.16,11,A,22.A,44789,28,0,28,10,20,1,4,0,,,,
2022.IndInf,22,011_08.23,11,A,22.A,44796,35,0,35,10,20,1,4,0,,,,
2022.IndInf,22,012_07.18,12,A,22.A,44760,-1,0,-1,20,20,4,4,0,,,,
2022.IndInf,22,012_07.26,12,A,22.A,44768,7,0,7,20,20,4,4,0,0,15,10,
2022.IndInf,22,012_08.02,12,A,22.A,44775,14,0,14,20,20,4,4,0,,,,
2022.IndInf,22,012_08.09,12,A,22.A,44782,21,0,21,20,20,4,4,0,,,,
2022.IndInf,22,012_08.16,12,A,22.A,44789,28,0,28,20,20,4,4,0,,,,
2022.IndInf,22,012_08.23,12,A,22.A,44796,35,0,35,20,20,4,4,0,,,,
2022.IndInf,22,013_07.18,13,A,22.A,44760,-1,0,-1,15,20,3,4,0,,,,
2022.IndInf,22,013_07.26,13,A,22.A,44768,7,0,7,15,20,3,4,0,0,15,10,
2022.IndInf,22,013_08.02,13,A,22.A,44775,14,0,14,15,20,3,4,0,,,,
2022.IndInf,22,013_08.09,13,A,22.A,44782,21,0,21,15,20,3,4,0,,,,
2022.IndInf,22,013_08.16,13,A,22.A,44789,28,0,28,15,20,3,4,0,,,,
2022.IndInf,22,013_08.23,13,A,22.A,44796,35,0,35,15,20,3,4,0,0,15,10,
2022.IndInf,22,014_07.18,14,A,22.A,44760,-1,0,-1,15,20,5,4,0,,,,
2022.IndInf,22,014_07.26,14,A,22.A,44768,7,0,7,15,20,5,4,0,0,15,10,
2022.IndInf,22,014_08.02,14,A,22.A,44775,14,0,14,15,20,5,4,0,,,,
2022.IndInf,22,014_08.09,14,A,22.A,44782,21,0,21,15,20,5,4,0,,,,
2022.IndInf,22,014_08.16,14,A,22.A,44789,28,0,28,15,20,5,4,0,,,,
2022.IndInf,22,014_08.23,14,A,22.A,44796,35,0,35,15,20,5,4,0,,,,
2022.IndInf,22,015_07.18,15,A,22.A,44760,-1,0,-1,10,15,1,5,0,,,,
2022.IndInf,22,015_07.26,15,A,22.A,44768,7,0,7,10,15,1,5,0,1.976454954,15,10,
2022.IndInf,22,015_08.02,15,A,22.A,44775,14,0,14,10,15,1,5,4.861072634,,,,
2022.IndInf,22,015_08.09,15,A,22.A,44782,21,0,21,10,15,1,5,0,,,,
2022.IndInf,22,015_08.16,15,A,22.A,44789,28,0,28,10,15,1,5,0,,,,
2022.IndInf,22,015_08.23,15,A,22.A,44796,35,0,35,10,15,1,5,0,0,15,10,
2022.IndInf,22,016_06.27,16,A,22.A,44739,-22,0,-22,20,15,4,5,0,,,,
2022.IndInf,22,016_07.18,16,A,22.A,44760,-1,0,-1,20,15,4,5,0,,,,
2022.IndInf,22,016_07.26,16,A,22.A,44768,7,0,7,20,15,4,5,0,5.427000562,15,10,
2022.IndInf,22,016_08.02,16,A,22.A,44775,14,0,14,20,15,4,5,0,,,,
2022.IndInf,22,016_08.09,16,A,22.A,44782,21,0,21,20,15,4,5,0,,,,
2022.IndInf,22,016_08.16,16,A,22.A,44789,28,0,28,20,15,4,5,0,,,,
2022.IndInf,22,016_08.23,16,A,22.A,44796,35,0,35,20,15,4,5,0,,,,
2022.IndInf,22,021_07.18,21,B,22.B,44760,-1,0,-1,10,15,12,8,1.294974437,,,,
2022.IndInf,22,021_07.26,21,B,22.B,44768,7,0,7,10,15,12,8,1.909657521,5.116972766,15,20,
2022.IndInf,22,021_08.02,21,B,22.B,44775,14,0,14,10,15,12,8,0,,,,
2022.IndInf,22,021_08.09,21,B,22.B,44782,21,0,21,10,15,12,8,0,,,,
2022.IndInf,22,021_08.16,21,B,22.B,44789,28,0,28,10,15,12,8,0,,,,
2022.IndInf,22,021_08.23,21,B,22.B,44796,35,0,35,10,15,12,8,0,0,15,10,
2022.IndInf,22,022_07.18,22,B,22.B,44760,-1,0,-1,15,15,13,8,0,,,,
2022.IndInf,22,022_07.26,22,B,22.B,44768,7,0,7,15,15,13,8,0,6.786146084,15,10,
2022.IndInf,22,022_08.02,22,B,22.B,44775,14,0,14,15,15,13,8,0,,,,
2022.IndInf,22,022_08.09,22,B,22.B,44782,21,0,21,15,15,13,8,0,,,,
2022.IndInf,22,022_08.16,22,B,22.B,44789,28,0,28,15,15,13,8,0,,,,
2022.IndInf,22,022_08.23,22,B,22.B,44796,35,0,35,15,15,13,8,0,0,15,10,
2022.IndInf,22,025_07.26,25,B,22.B,44768,7,0,7,10,25,12,10,0,0,14,10,
2022.IndInf,22,025_08.02,25,B,22.B,44775,14,0,14,10,25,12,10,0,,,,
2022.IndInf,22,025_08.09,25,B,22.B,44782,21,0,21,10,25,12,10,0,,,,
2022.IndInf,22,025_08.16,25,B,22.B,44789,28,0,28,10,25,12,10,0,,,,
2022.IndInf,22,025_08.23,25,B,22.B,44796,35,0,35,10,25,12,10,0,,,,
2022.IndInf,22,026_07.18,26,B,22.B,44760,-1,0,-1,20,25,14,10,0,,,,
2022.IndInf,22,026_07.26,26,B,22.B,44768,7,0,7,20,25,14,10,0,0,15,10,
2022.IndInf,22,026_08.02,26,B,22.B,44775,14,0,14,20,25,14,10,0,,,,
2022.IndInf,22,026_08.09,26,B,22.B,44782,21,0,21,20,25,14,10,0,,,,
2022.IndInf,22,026_08.16,26,B,22.B,44789,28,0,28,20,25,14,10,0,,,,
2022.IndInf,22,026_08.23,26,B,22.B,44796,35,0,35,20,25,14,10,0,0,15,10,
2022.IndInf,22,027_07.18,27,B,22.B,44760,-1,0,-1,15,25,8,10,0,,,,
2022.IndInf,22,027_07.26,27,B,22.B,44768,7,0,7,15,25,8,10,0,0,15,10,
2022.IndInf,22,027_08.02,27,B,22.B,44775,14,0,14,15,25,8,10,1.02346589,,,,
2022.IndInf,22,027_08.09,27,B,22.B,44782,21,0,21,15,25,8,10,0,,,,
2022.IndInf,22,027_08.16,27,B,22.B,44789,28,0,28,15,25,8,10,0,,,,
2022.IndInf,22,027_08.23,27,B,22.B,44796,35,0,35,15,25,8,10,0,,,,
2022.IndInf,22,028_07.18,28,B,22.B,44760,-1,0,-1,15,25,13,10,0,,,,
2022.IndInf,22,028_07.26,28,B,22.B,44768,7,0,7,15,25,13,10,0,0,15,10,
2022.IndInf,22,028_08.02,28,B,22.B,44775,14,0,14,15,25,13,10,1.639963655,,,,
2022.IndInf,22,028_08.09,28,B,22.B,44782,21,0,21,15,25,13,10,0,,,,
2022.IndInf,22,028_08.16,28,B,22.B,44789,28,0,28,15,25,13,10,0,,,,
2022.IndInf,22,028_08.23,28,B,22.B,44796,35,0,35,15,25,13,10,0,0,15,10,
2022.IndInf,22,031_07.18,31,B,22.B,44760,-1,0,-1,10,10,12,12,0,,,,
2022.IndInf,22,031_07.26,31,B,22.B,44768,7,0,7,10,10,12,12,1.99141689,5.900034801,15,10,
2022.IndInf,22,031_08.02,31,B,22.B,44775,14,0,14,10,10,12,12,0,,,,
2022.IndInf,22,031_08.09,31,B,22.B,44782,21,0,21,10,10,12,12,0,,,,
2022.IndInf,22,031_08.16,31,B,22.B,44789,28,0,28,10,10,12,12,0,,,,
2022.IndInf,22,031_08.23,31,B,22.B,44796,35,0,35,10,10,12,12,0,,,,
2022.IndInf,22,032_07.18,32,B,22.B,44760,-1,0,-1,20,10,14,12,0,,,,
2022.IndInf,22,032_07.26,32,B,22.B,44768,7,0,7,20,10,14,12,6.308420511,7.641507008,15,10,
2022.IndInf,22,032_08.02,32,B,22.B,44775,14,0,14,20,10,14,12,6.532535022,,,,
2022.IndInf,22,032_08.09,32,B,22.B,44782,21,0,21,20,10,14,12,6.602263774,,,,
2022.IndInf,22,032_08.16,32,B,22.B,44789,28,0,28,20,10,14,12,8.818972154,,,,
2022.IndInf,22,032_08.23,32,B,22.B,44796,35,0,35,20,10,14,12,9.260493047,,,,
2022.IndInf,22,033_07.18,33,B,22.B,44760,-1,0,-1,15,10,8,12,0,,,,
2022.IndInf,22,033_07.26,33,B,22.B,44768,7,0,7,15,10,8,12,2.307001683,2.512832792,15,10,
2022.IndInf,22,033_08.02,33,B,22.B,44775,14,0,14,15,10,8,12,0,,,,
2022.IndInf,22,033_08.09,33,B,22.B,44782,21,0,21,15,10,8,12,2.368432467,,,,
2022.IndInf,22,033_08.16,33,B,22.B,44789,28,0,28,15,10,8,12,0,,,,
2022.IndInf,22,033_08.23,33,B,22.B,44796,35,0,35,15,10,8,12,0,0,15,10,
2022.IndInf,22,034_07.18,34,B,22.B,44760,-1,0,-1,15,10,13,12,0,,,,
2022.IndInf,22,034_07.26,34,B,22.B,44768,7,0,7,15,10,13,12,2.180996521,8.122575056,15,10,
2022.IndInf,22,034_08.02,34,B,22.B,44775,14,0,14,15,10,13,12,0,,,,
2022.IndInf,22,034_08.09,34,B,22.B,44782,21,0,21,15,10,13,12,2.93518627,,,,
2022.IndInf,22,034_08.16,34,B,22.B,44789,28,0,28,15,10,13,12,0,,,,
2022.IndInf,22,034_08.23,34,B,22.B,44796,35,0,35,15,10,13,12,0,,,,
2022.IndInf,22,035_07.18,35,B,22.B,44760,-1,0,-1,20,15,14,13,0,,,,
2022.IndInf,22,035_07.26,35,B,22.B,44768,7,0,7,20,15,14,13,0,5.783385748,15,10,
2022.IndInf,22,035_08.02,35,B,22.B,44775,14,0,14,20,15,14,13,0,,,,
2022.IndInf,22,035_08.09,35,B,22.B,44782,21,0,21,20,15,14,13,0,,,,
2022.IndInf,22,035_08.16,35,B,22.B,44789,28,0,28,20,15,14,13,0,,,,
2022.IndInf,22,035_08.23,35,B,22.B,44796,35,0,35,20,15,14,13,0,,,,
2022.IndInf,22,036_07.18,36,B,22.B,44760,-1,0,-1,15,15,8,13,0,,,,
2022.IndInf,22,036_07.26,36,B,22.B,44768,7,0,7,15,15,8,13,0,3.205954055,15,10,
2022.IndInf,22,036_08.02,36,B,22.B,44775,14,0,14,15,15,8,13,0,,,,
2022.IndInf,22,036_08.09,36,B,22.B,44782,21,0,21,15,15,8,13,0,,,,
2022.IndInf,22,036_08.16,36,B,22.B,44789,28,0,28,15,15,8,13,0,,,,
2022.IndInf,22,036_08.23,36,B,22.B,44796,35,0,35,15,15,8,13,0,,,,
2022.IndInf,22,036_08.23,36,B,22.B,44796,35,0,35,15,15,8,13,0,,,,
2022.IndInf,22,037_07.18,37,B,22.B,44760,-1,0,-1,10,20,12,14,0,,,,
2022.IndInf,22,037_07.26,37,B,22.B,44768,7,0,7,10,20,12,14,0,0,15,10,
2022.IndInf,22,037_08.02,37,B,22.B,44775,14,0,14,10,20,12,14,0,,,,
2022.IndInf,22,037_08.09,37,B,22.B,44782,21,0,21,10,20,12,14,0,,,,
2022.IndInf,22,037_08.16,37,B,22.B,44789,28,0,28,10,20,12,14,0,,,,
2022.IndInf,22,037_08.23,37,B,22.B,44796,35,0,35,10,20,12,14,0,0,15,10,
2022.IndInf,22,038_07.18,38,B,22.B,44760,-1,0,-1,20,20,14,14,0,,,,
2022.IndInf,22,038_07.26,38,B,22.B,44768,7,0,7,20,20,14,14,0,2.092735729,15,10,
2022.IndInf,22,038_08.02,38,B,22.B,44775,14,0,14,20,20,14,14,0,,,,
2022.IndInf,22,038_08.09,38,B,22.B,44782,21,0,21,20,20,14,14,0,,,,
2022.IndInf,22,038_08.16,38,B,22.B,44789,28,0,28,20,20,14,14,0,,,,
2022.IndInf,22,038_08.23,38,B,22.B,44796,35,0,35,20,20,14,14,0,0,15,10,
2022.IndInf,22,039_07.18,39,B,22.B,44760,-1,0,-1,15,20,8,14,0,,,,
2022.IndInf,22,039_07.26,39,B,22.B,44768,7,0,7,15,20,8,14,0,1.498750042,15,10,
2022.IndInf,22,039_08.02,39,B,22.B,44775,14,0,14,15,20,8,14,0,,,,
2022.IndInf,22,039_08.09,39,B,22.B,44782,21,0,21,15,20,8,14,1.823958783,,,,
2022.IndInf,22,039_08.16,39,B,22.B,44789,28,0,28,15,20,8,14,1.424693083,,,,
2022.IndInf,22,039_08.23,39,B,22.B,44796,35,0,35,15,20,8,14,0,,,,
2022.IndInf,22,040_07.18,40,B,22.B,44760,-1,0,-1,15,20,13,14,0,,,,
2022.IndInf,22,040_07.26,40,B,22.B,44768,7,0,7,15,20,13,14,0,0,15,10,
2022.IndInf,22,040_08.02,40,B,22.B,44775,14,0,14,15,20,13,14,0,,,,
2022.IndInf,22,040_08.09,40,B,22.B,44782,21,0,21,15,20,13,14,0,,,,
2022.IndInf,22,040_08.16,40,B,22.B,44789,28,0,28,15,20,13,14,0,,,,
2022.IndInf,22,040_08.23,40,B,22.B,44796,35,0,35,15,20,13,14,0,,,,
2022.IndInf,22,041_07.04,41,C,22.C,44746,-15,0,-15,10,15,20,15,0,,,,
2022.IndInf,22,041_07.18,41,C,22.C,44760,-1,0,-1,10,15,20,15,0,,,,
2022.IndInf,22,041_07.26,41,C,22.C,44768,7,0,7,10,15,20,15,2.165920458,0,15,10,
2022.IndInf,22,041_08.02,41,C,22.C,44775,14,0,14,10,15,20,15,1.573476873,,,,
2022.IndInf,22,041_08.09,41,C,22.C,44782,21,0,21,10,15,20,15,1.947761824,,,,
2022.IndInf,22,041_08.16,41,C,22.C,44789,28,0,28,10,15,20,15,0,,,,
2022.IndInf,22,041_08.23,41,C,22.C,44796,35,0,35,10,15,20,15,0,,,,
2022.IndInf,22,042_07.18,42,C,22.C,44760,-1,0,-1,15,15,15,15,0,,,,
2022.IndInf,22,042_07.26,42,C,22.C,44768,7,0,7,15,15,15,15,5.655803516,0,15,10,
2022.IndInf,22,042_08.02,42,C,22.C,44775,14,0,14,15,15,15,15,0,,,,
2022.IndInf,22,042_08.09,42,C,22.C,44782,21,0,21,15,15,15,15,0,,,,
2022.IndInf,22,042_08.16,42,C,22.C,44789,28,0,28,15,15,15,15,0,,,,
2022.IndInf,22,042_08.23,42,C,22.C,44796,35,0,35,15,15,15,15,0,0,15,10,
2022.IndInf,22,045_07.18,45,C,22.C,44760,-1,0,-1,10,25,20,17,0,,,,
2022.IndInf,22,045_07.26,45,C,22.C,44768,7,0,7,10,25,20,17,0,0,16,10,
2022.IndInf,22,045_08.02,45,C,22.C,44775,14,0,14,10,25,20,17,0,,,,
2022.IndInf,22,045_08.09,45,C,22.C,44782,21,0,21,10,25,20,17,0,,,,
2022.IndInf,22,045_08.16,45,C,22.C,44789,28,0,28,10,25,20,17,0,,,,
2022.IndInf,22,045_08.23,45,C,22.C,44796,35,0,35,10,25,20,17,0,,,,
2022.IndInf,22,046_07.18,46,C,22.C,44760,-1,0,-1,20,25,19,17,0,,,,
2022.IndInf,22,046_07.26,46,C,22.C,44768,7,0,7,20,25,19,17,0,0,15,10,
2022.IndInf,22,046_08.02,46,C,22.C,44775,14,0,14,20,25,19,17,0,,,,
2022.IndInf,22,046_08.09,46,C,22.C,44782,21,0,21,20,25,19,17,0,,,,
2022.IndInf,22,046_08.16,46,C,22.C,44789,28,0,28,20,25,19,17,0,,,,
2022.IndInf,22,046_08.23,46,C,22.C,44796,35,0,35,20,25,19,17,0,0,15,10,
2022.IndInf,22,047_07.18,47,C,22.C,44760,-1,0,-1,15,25,15,17,0,,,,
2022.IndInf,22,047_07.26,47,C,22.C,44768,7,0,7,15,25,15,17,0,0,15,10,
2022.IndInf,22,047_08.02,47,C,22.C,44775,14,0,14,15,25,15,17,0,,,,
2022.IndInf,22,047_08.09,47,C,22.C,44782,21,0,21,15,25,15,17,0,,,,
2022.IndInf,22,047_08.16,47,C,22.C,44789,28,0,28,15,25,15,17,0,,,,
2022.IndInf,22,047_08.23,47,C,22.C,44796,35,0,35,15,25,15,17,0,0,15,10,
2022.IndInf,22,048_07.18,48,C,22.C,44760,-1,0,-1,15,25,18,17,0,,,,
2022.IndInf,22,048_07.26,48,C,22.C,44768,7,0,7,15,25,18,17,0,0,15,10,
2022.IndInf,22,048_08.02,48,C,22.C,44775,14,0,14,15,25,18,17,0,,,,
2022.IndInf,22,048_08.09,48,C,22.C,44782,21,0,21,15,25,18,17,1.769825994,,,,
2022.IndInf,22,048_08.16,48,C,22.C,44789,28,0,28,15,25,18,17,0,,,,
2022.IndInf,22,048_08.23,48,C,22.C,44796,35,0,35,15,25,18,17,0,,,,
2022.IndInf,22,049_07.18,49,C,22.C,44760,-1,0,-1,20,15,19,18,0,,,,
2022.IndInf,22,049_07.26,49,C,22.C,44768,7,0,7,20,15,19,18,0,0,15,10,
2022.IndInf,22,049_08.02,49,C,22.C,44775,14,0,14,20,15,19,18,0,,,,
2022.IndInf,22,049_08.09,49,C,22.C,44782,21,0,21,20,15,19,18,0,,,,
2022.IndInf,22,049_08.16,49,C,22.C,44789,28,0,28,20,15,19,18,0,,,,
2022.IndInf,22,049_08.23,49,C,22.C,44796,35,0,35,20,15,19,18,0,,,,
2022.IndInf,22,049_08.23,49,C,22.C,44796,35,0,35,20,15,19,18,0,,,,
2022.IndInf,22,050_07.18,50,C,22.C,44760,-1,0,-1,15,15,18,18,0,,,,
2022.IndInf,22,050_07.26,50,C,22.C,44768,7,0,7,15,15,18,18,0,0,16,10,
2022.IndInf,22,050_08.02,50,C,22.C,44775,14,0,14,15,15,18,18,1.45975408,,,,
2022.IndInf,22,050_08.09,50,C,22.C,44782,21,0,21,15,15,18,18,0,,,,
2022.IndInf,22,050_08.16,50,C,22.C,44789,28,0,28,15,15,18,18,0,,,,
2022.IndInf,22,050_08.23,50,C,22.C,44796,35,0,35,15,15,18,18,0,0,15,10,
2022.IndInf,22,051_07.18,51,C,22.C,44760,-1,0,-1,10,20,20,19,0,,,,
2022.IndInf,22,051_07.26,51,C,22.C,44768,7,0,7,10,20,20,19,0,0,15,10,
2022.IndInf,22,051_08.02,51,C,22.C,44775,14,0,14,10,20,20,19,0,,,,
2022.IndInf,22,051_08.09,51,C,22.C,44782,21,0,21,10,20,20,19,0,,,,
2022.IndInf,22,051_08.16,51,C,22.C,44789,28,0,28,10,20,20,19,0,,,,
2022.IndInf,22,051_08.23,51,C,22.C,44796,35,0,35,10,20,20,19,0,0,15,10,
2022.IndInf,22,052_07.18,52,C,22.C,44760,-1,0,-1,20,20,19,19,0,,,,
2022.IndInf,22,052_07.26,52,C,22.C,44768,7,0,7,20,20,19,19,0,0,14,10,
2022.IndInf,22,052_08.02,52,C,22.C,44775,14,0,14,20,20,19,19,0,,,,
2022.IndInf,22,052_08.09,52,C,22.C,44782,21,0,21,20,20,19,19,0,,,,
2022.IndInf,22,052_08.16,52,C,22.C,44789,28,0,28,20,20,19,19,0,,,,
2022.IndInf,22,052_08.23,52,C,22.C,44796,35,0,35,20,20,19,19,0,0,15,10,
2022.IndInf,22,053_07.18,53,C,22.C,44760,-1,0,-1,15,20,15,19,1.406062603,,,,
2022.IndInf,22,053_07.26,53,C,22.C,44768,7,0,7,15,20,15,19,0,0,15,10,
2022.IndInf,22,053_08.02,53,C,22.C,44775,14,0,14,15,20,15,19,0,,,,
2022.IndInf,22,053_08.09,53,C,22.C,44782,21,0,21,15,20,15,19,0,,,,
2022.IndInf,22,053_08.16,53,C,22.C,44789,28,0,28,15,20,15,19,0,,,,
2022.IndInf,22,053_08.23,53,C,22.C,44796,35,0,35,15,20,15,19,0,,,,
2022.IndInf,22,054_07.18,54,C,22.C,44760,-1,0,-1,15,20,18,19,0,,,,
2022.IndInf,22,054_07.26,54,C,22.C,44768,7,0,7,15,20,18,19,0,1.993487234,15,10,
2022.IndInf,22,054_08.02,54,C,22.C,44775,14,0,14,15,20,18,19,0,,,,
2022.IndInf,22,054_08.09,54,C,22.C,44782,21,0,21,15,20,18,19,0,,,,
2022.IndInf,22,054_08.16,54,C,22.C,44789,28,0,28,15,20,18,19,0,,,,
2022.IndInf,22,054_08.23,54,C,22.C,44796,35,0,35,15,20,18,19,0,,,,
2022.IndInf,22,055_07.18,55,C,22.C,44760,-1,0,-1,10,10,20,20,0,,,,
2022.IndInf,22,055_07.26,55,C,22.C,44768,7,0,7,10,10,20,20,2.287312619,2.869615988,15,10,
2022.IndInf,22,055_08.02,55,C,22.C,44775,14,0,14,10,10,20,20,0,,,,
2022.IndInf,22,055_08.16,55,C,22.C,44789,28,0,28,10,10,20,20,0,,,,
2022.IndInf,22,055_08.23,55,C,22.C,44796,35,0,35,10,10,20,20,0,0,15,10,
2022.IndInf,22,056_07.18,56,C,22.C,44760,-1,0,-1,20,10,19,20,0,,,,
2022.IndInf,22,056_07.26,56,C,22.C,44768,7,0,7,20,10,19,20,2.077566644,2.680563202,15,10,
2022.IndInf,22,056_08.02,56,C,22.C,44775,14,0,14,20,10,19,20,0,,,,
2022.IndInf,22,056_08.09,56,C,22.C,44782,21,0,21,20,10,19,20,0,,,,
2022.IndInf,22,056_08.16,56,C,22.C,44789,28,0,28,20,10,19,20,0,,,,
2022.IndInf,22,056_08.23,56,C,22.C,44796,35,0,35,20,10,19,20,0,0,15,10,
2022.IndInf,22,057_07.18,57,C,22.C,44760,-1,0,-1,15,10,15,20,1.435252274,,,,
2022.IndInf,22,057_07.26,57,C,22.C,44768,7,0,7,15,10,15,20,2.473954646,0,15,10,
2022.IndInf,22,057_08.02,57,C,22.C,44775,14,0,14,15,10,15,20,0,,,,
2022.IndInf,22,057_08.09,57,C,22.C,44782,21,0,21,15,10,15,20,0,,,,
2022.IndInf,22,057_08.16,57,C,22.C,44789,28,0,28,15,10,15,20,0,,,,
2022.IndInf,22,057_08.23,57,C,22.C,44796,35,0,35,15,10,15,20,0,,,,
2022.IndInf,22,058_07.18,58,C,22.C,44760,-1,0,-1,15,10,18,20,0,,,,
2022.IndInf,22,058_07.26,58,C,22.C,44768,7,0,7,15,10,18,20,5.3464972,6.767865286,15,10,
2022.IndInf,22,058_08.02,58,C,22.C,44775,14,0,14,15,10,18,20,0,,,,
2022.IndInf,22,058_08.09,58,C,22.C,44782,21,0,21,15,10,18,20,0,,,,
2022.IndInf,22,058_08.16,58,C,22.C,44789,28,0,28,15,10,18,20,0,,,,
2022.IndInf,22,058_08.23,58,C,22.C,44796,35,0,35,15,10,18,20,0,,,,
2022.IndInf,22,061_07.19,61,D,22.D,44761,-1,0,-1,10,25,27,22,0,,,,
2022.IndInf,22,061_07.27,61,D,22.D,44769,7,0,7,10,25,27,22,0,0,15,10,
2022.IndInf,22,061_08.03,61,D,22.D,44776,14,0,14,10,25,27,22,0,,,,
2022.IndInf,22,061_08.10,61,D,22.D,44783,21,0,21,10,25,27,22,0,,,,
2022.IndInf,22,061_08.17,61,D,22.D,44790,28,0,28,10,25,27,22,0,,,,
2022.IndInf,22,061_08.24,61,D,22.D,44797,35,0,35,10,25,27,22,0,0,15,10,
2022.IndInf,22,062_07.19,62,D,22.D,44761,-1,0,-1,20,25,28,22,0,,,,
2022.IndInf,22,062_07.27,62,D,22.D,44769,7,0,7,20,25,28,22,0,0,15,10,
2022.IndInf,22,062_08.03,62,D,22.D,44776,14,0,14,20,25,28,22,0,,,,
2022.IndInf,22,062_08.10,62,D,22.D,44783,21,0,21,20,25,28,22,0,,,,
2022.IndInf,22,062_08.17,62,D,22.D,44790,28,0,28,20,25,28,22,0,,,,
2022.IndInf,22,062_08.24,62,D,22.D,44797,35,0,35,20,25,28,22,0,0,15,10,
2022.IndInf,22,063_07.19,63,D,22.D,44761,-1,0,-1,15,25,23,22,0,,,,
2022.IndInf,22,063_07.27,63,D,22.D,44769,7,0,7,15,25,23,22,0,0,15,10,
2022.IndInf,22,063_08.03,63,D,22.D,44776,14,0,14,15,25,23,22,0,,,,
2022.IndInf,22,063_08.10,63,D,22.D,44783,21,0,21,15,25,23,22,0,,,,
2022.IndInf,22,063_08.17,63,D,22.D,44790,28,0,28,15,25,23,22,0,,,,
2022.IndInf,22,063_08.24,63,D,22.D,44797,35,0,35,15,25,23,22,0,,,,
2022.IndInf,22,064_07.19,64,D,22.D,44761,-1,0,-1,15,25,26,22,0,,,,
2022.IndInf,22,064_07.27,64,D,22.D,44769,7,0,7,15,25,26,22,0,0,15,10,
2022.IndInf,22,064_08.03,64,D,22.D,44776,14,0,14,15,25,26,22,0,,,,
2022.IndInf,22,064_08.10,64,D,22.D,44783,21,0,21,15,25,26,22,0,,,,
2022.IndInf,22,064_08.17,64,D,22.D,44790,28,0,28,15,25,26,22,0,,,,
2022.IndInf,22,064_08.24,64,D,22.D,44797,35,0,35,15,25,26,22,0,,,,
2022.IndInf,22,065_07.19,65,D,22.D,44761,-1,0,-1,10,15,27,23,0,,,,
2022.IndInf,22,065_07.27,65,D,22.D,44769,7,0,7,10,15,27,23,0,0,15,10,
2022.IndInf,22,065_08.03,65,D,22.D,44776,14,0,14,10,15,27,23,0,,,,
2022.IndInf,22,065_08.10,65,D,22.D,44783,21,0,21,10,15,27,23,0,,,,
2022.IndInf,22,065_08.17,65,D,22.D,44790,28,0,28,10,15,27,23,0,,,,
2022.IndInf,22,065_08.24,65,D,22.D,44797,35,0,35,10,15,27,23,0,0,15,10,
2022.IndInf,22,066_07.19,66,D,22.D,44761,-1,0,-1,15,15,26,23,0,,,,
2022.IndInf,22,066_07.19,66,D,22.D,44761,-1,0,-1,15,15,26,23,0,,,,
2022.IndInf,22,066_07.27,66,D,22.D,44769,7,0,7,15,15,26,23,0,2.307365004,15,10,
2022.IndInf,22,066_08.03,66,D,22.D,44776,14,0,14,15,15,26,23,0,,,,
2022.IndInf,22,066_08.10,66,D,22.D,44783,21,0,21,15,15,26,23,0,,,,
2022.IndInf,22,066_08.17,66,D,22.D,44790,28,0,28,15,15,26,23,0,,,,
2022.IndInf,22,066_08.24,66,D,22.D,44797,35,0,35,15,15,26,23,0,,,,
2022.IndInf,22,071_07.19,71,D,22.D,44761,-1,0,-1,20,15,28,26,0,,,,
2022.IndInf,22,071_07.27,71,D,22.D,44769,7,0,7,20,15,28,26,0,0,15,10,
2022.IndInf,22,071_08.03,71,D,22.D,44776,14,0,14,20,15,28,26,0,,,,
2022.IndInf,22,071_08.10,71,D,22.D,44783,21,0,21,20,15,28,26,0,,,,
2022.IndInf,22,071_08.17,71,D,22.D,44790,28,0,28,20,15,28,26,0,,,,
2022.IndInf,22,071_08.24,71,D,22.D,44797,35,0,35,20,15,28,26,0,,,,
2022.IndInf,22,072_07.19,72,D,22.D,44761,-1,0,-1,15,15,23,26,0,,,,
2022.IndInf,22,072_07.27,72,D,22.D,44769,7,0,7,15,15,23,26,0,0,15,10,
2022.IndInf,22,072_08.03,72,D,22.D,44776,14,0,14,15,15,23,26,0,,,,
2022.IndInf,22,072_08.10,72,D,22.D,44783,21,0,21,15,15,23,26,0,,,,
2022.IndInf,22,072_08.17,72,D,22.D,44790,28,0,28,15,15,23,26,0,,,,
2022.IndInf,22,072_08.24,72,D,22.D,44797,35,0,35,15,15,23,26,0,0,15,10,
2022.IndInf,22,073_07.19,73,D,22.D,44761,-1,0,-1,10,10,27,27,0,,,,
2022.IndInf,22,073_07.27,73,D,22.D,44769,7,0,7,10,10,27,27,0,0,15,10,
2022.IndInf,22,073_08.03,73,D,22.D,44776,14,0,14,10,10,27,27,0,,,,
2022.IndInf,22,073_08.10,73,D,22.D,44783,21,0,21,10,10,27,27,0,,,,
2022.IndInf,22,073_08.17,73,D,22.D,44790,28,0,28,10,10,27,27,0,,,,
2022.IndInf,22,073_08.24,73,D,22.D,44797,35,0,35,10,10,27,27,0,,,,
2022.IndInf,22,074_07.19,74,D,22.D,44761,-1,0,-1,20,10,28,27,1.585492864,,,,
2022.IndInf,22,074_07.27,74,D,22.D,44769,7,0,7,20,10,28,27,7.324212439,0,15,10,
2022.IndInf,22,074_08.03,74,D,22.D,44776,14,0,14,20,10,28,27,5.599075157,,,,
2022.IndInf,22,074_08.10,74,D,22.D,44783,21,0,21,20,10,28,27,0,,,,
2022.IndInf,22,074_08.17,74,D,22.D,44790,28,0,28,20,10,28,27,6.54900199,,,,
2022.IndInf,22,074_08.24,74,D,22.D,44797,35,0,35,20,10,28,27,0,1.64444495,15,10,
2022.IndInf,22,075_07.19,75,D,22.D,44761,-1,0,-1,15,10,23,27,0,,,,
2022.IndInf,22,075_07.27,75,D,22.D,44769,7,0,7,15,10,23,27,4.076206083,5.778891888,15,10,
2022.IndInf,22,075_07.27,75,D,22.D,44769,7,0,7,15,10,23,27,0,,,,
2022.IndInf,22,075_08.03,75,D,22.D,44776,14,0,14,15,10,23,27,7.409972727,,,,
2022.IndInf,22,075_08.10,75,D,22.D,44783,21,0,21,15,10,23,27,0,,,,
2022.IndInf,22,075_08.17,75,D,22.D,44790,28,0,28,15,10,23,27,7.15456971,,,,
2022.IndInf,22,075_08.24,75,D,22.D,44797,35,0,35,15,10,23,27,0,,,,
2022.IndInf,22,076_07.19,76,D,22.D,44761,-1,0,-1,15,10,26,27,5.411646775,,,,
2022.IndInf,22,076_07.27,76,D,22.D,44769,7,0,7,15,10,26,27,2.287395746,3.017162831,15,10,
2022.IndInf,22,076_08.03,76,D,22.D,44776,14,0,14,15,10,26,27,5.792328823,,,,
2022.IndInf,22,076_08.10,76,D,22.D,44783,21,0,21,15,10,26,27,0,,,,
2022.IndInf,22,076_08.17,76,D,22.D,44790,28,0,28,15,10,26,27,0,,,,
2022.IndInf,22,076_08.24,76,D,22.D,44797,35,0,35,15,10,26,27,0,0,15,10,
2022.IndInf,22,077_07.19,77,D,22.D,44761,-1,0,-1,10,20,27,28,0,,,,
2022.IndInf,22,077_07.27,77,D,22.D,44769,7,0,7,10,20,27,28,0,0,15,10,
2022.IndInf,22,077_08.03,77,D,22.D,44776,14,0,14,10,20,27,28,2.310216558,,,,
2022.IndInf,22,077_08.10,77,D,22.D,44783,21,0,21,10,20,27,28,0,,,,
2022.IndInf,22,077_08.17,77,D,22.D,44790,28,0,28,10,20,27,28,1.992323102,,,,
2022.IndInf,22,077_08.24,77,D,22.D,44797,35,0,35,10,20,27,28,0,0,15,10,
2022.IndInf,22,078_07.19,78,D,22.D,44761,-1,0,-1,20,20,28,28,0,,,,
2022.IndInf,22,078_07.27,78,D,22.D,44769,7,0,7,20,20,28,28,0,0,15,10,
2022.IndInf,22,078_08.03,78,D,22.D,44776,14,0,14,20,20,28,28,0,,,,
2022.IndInf,22,078_08.10,78,D,22.D,44783,21,0,21,20,20,28,28,0,,,,
2022.IndInf,22,078_08.17,78,D,22.D,44790,28,0,28,20,20,28,28,0,,,,
2022.IndInf,22,078_08.24,78,D,22.D,44797,35,0,35,20,20,28,28,0,0,15,10,
2022.IndInf,22,078_08.24,78,D,22.D,44797,35,0,35,20,20,28,28,0,,,,
2022.IndInf,22,079_07.19,79,D,22.D,44761,-1,0,-1,15,20,23,28,7.743128993,,,,
2022.IndInf,22,079_07.27,79,D,22.D,44769,7,0,7,15,20,23,28,0,0,15,10,
2022.IndInf,22,079_08.03,79,D,22.D,44776,14,0,14,15,20,23,28,1.589756704,,,,
2022.IndInf,22,079_08.10,79,D,22.D,44783,21,0,21,15,20,23,28,1.709753968,,,,
2022.IndInf,22,079_08.17,79,D,22.D,44790,28,0,28,15,20,23,28,1.856053959,,,,
2022.IndInf,22,079_08.24,79,D,22.D,44797,35,0,35,15,20,23,28,0,,,,
2022.IndInf,22,080_07.19,80,D,22.D,44761,-1,0,-1,15,20,26,28,0,,,,
2022.IndInf,22,080_07.27,80,D,22.D,44769,7,0,7,15,20,26,28,2.076374978,0,15,10,
2022.IndInf,22,080_08.03,80,D,22.D,44776,14,0,14,15,20,26,28,0,,,,
2022.IndInf,22,080_08.10,80,D,22.D,44783,21,0,21,15,20,26,28,0,,,,
2022.IndInf,22,080_08.17,80,D,22.D,44790,28,0,28,15,20,26,28,0,,,,
2022.IndInf,22,080_08.24,80,D,22.D,44797,35,0,35,15,20,26,28,0,,,,
2022.IndInf,22,081_07.19,81,E,22.E,44761,-1,0,-1,10,10,35,35,0,,,,
2022.IndInf,22,081_07.27,81,E,22.E,44769,7,0,7,10,10,35,35,0,2.913588166,15,10,
2022.IndInf,22,081_08.03,81,E,22.E,44776,14,0,14,10,10,35,35,0,,,,
2022.IndInf,22,081_08.10,81,E,22.E,44783,21,0,21,10,10,35,35,0,,,,
2022.IndInf,22,081_08.17,81,E,22.E,44790,28,0,28,10,10,35,35,0,,,,
2022.IndInf,22,081_08.24,81,E,22.E,44797,35,0,35,10,10,35,35,0,,,,
2022.IndInf,22,082_07.19,82,E,22.E,44761,-1,0,-1,10,15,35,32,0,,,,
2022.IndInf,22,082_07.27,82,E,22.E,44769,7,0,7,10,15,35,32,0,0,15,10,
2022.IndInf,22,082_08.03,82,E,22.E,44776,14,0,14,10,15,35,32,0,,,,
2022.IndInf,22,082_08.10,82,E,22.E,44783,21,0,21,10,15,35,32,0,,,,
2022.IndInf,22,082_08.17,82,E,22.E,44790,28,0,28,10,15,35,32,0,,,,
2022.IndInf,22,082_08.24,82,E,22.E,44797,35,0,35,10,15,35,32,0,,,,
2022.IndInf,22,083_07.19,83,E,22.E,44761,-1,0,-1,10,20,35,29,0,,,,
2022.IndInf,22,083_07.27,83,E,22.E,44769,7,0,7,10,20,35,29,0,0,15,10,
2022.IndInf,22,083_08.03,83,E,22.E,44776,14,0,14,10,20,35,29,0,,,,
2022.IndInf,22,083_08.10,83,E,22.E,44783,21,0,21,10,20,35,29,0,,,,
2022.IndInf,22,083_08.17,83,E,22.E,44790,28,0,28,10,20,35,29,0,,,,
2022.IndInf,22,083_08.24,83,E,22.E,44797,35,0,35,10,20,35,29,0,,,,
2022.IndInf,22,084_07.19,84,E,22.E,44761,-1,0,-1,10,25,35,34,0,,,,
2022.IndInf,22,084_07.27,84,E,22.E,44769,7,0,7,10,25,35,34,0,1.676783409,15,10,
2022.IndInf,22,084_08.03,84,E,22.E,44776,14,0,14,10,25,35,34,0,,,,
2022.IndInf,22,084_08.10,84,E,22.E,44783,21,0,21,10,25,35,34,0,,,,
2022.IndInf,22,084_08.17,84,E,22.E,44790,28,0,28,10,25,35,34,0,,,,
2022.IndInf,22,084_08.24,84,E,22.E,44797,35,0,35,10,25,35,34,0,0,15,10,
2022.IndInf,22,085_07.19,85,E,22.E,44761,-1,0,-1,20,10,29,35,0,,,,
2022.IndInf,22,085_07.27,85,E,22.E,44769,7,0,7,20,10,29,35,2.230092059,6.250925338,15,10,
2022.IndInf,22,085_08.03,85,E,22.E,44776,14,0,14,20,10,29,35,5.731115749,,,,
2022.IndInf,22,085_08.10,85,E,22.E,44783,21,0,21,20,10,29,35,2.70149242,,,,
2022.IndInf,22,085_08.17,85,E,22.E,44790,28,0,28,20,10,29,35,1.642390178,,,,
2022.IndInf,22,085_08.24,85,E,22.E,44797,35,0,35,20,10,29,35,0,0,15,10,
2022.IndInf,22,086_07.19,86,E,22.E,44761,-1,0,-1,20,15,29,30,0,,,,
2022.IndInf,22,086_07.27,86,E,22.E,44769,7,0,7,20,15,29,30,0,2.453866813,15,10,
2022.IndInf,22,086_08.03,86,E,22.E,44776,14,0,14,20,15,29,30,0,,,,
2022.IndInf,22,086_08.10,86,E,22.E,44783,21,0,21,20,15,29,30,0,,,,
2022.IndInf,22,086_08.17,86,E,22.E,44790,28,0,28,20,15,29,30,0,,,,
2022.IndInf,22,086_08.24,86,E,22.E,44797,35,0,35,20,15,29,30,0,0,15,10,
2022.IndInf,22,087_07.19,87,E,22.E,44761,-1,0,-1,20,20,29,29,0,,,,
2022.IndInf,22,087_07.27,87,E,22.E,44769,7,0,7,20,20,29,29,0,0,15,10,
2022.IndInf,22,087_08.03,87,E,22.E,44776,14,0,14,20,20,29,29,0,,,,
2022.IndInf,22,087_08.10,87,E,22.E,44783,21,0,21,20,20,29,29,0,,,,
2022.IndInf,22,087_08.17,87,E,22.E,44790,28,0,28,20,20,29,29,0,,,,
2022.IndInf,22,087_08.24,87,E,22.E,44797,35,0,35,20,20,29,29,0,,,,
2022.IndInf,22,088_07.19,88,E,22.E,44761,-1,0,-1,20,25,29,34,0,,,,
2022.IndInf,22,088_07.27,88,E,22.E,44769,7,0,7,20,25,29,34,0,0,15,10,
2022.IndInf,22,088_08.03,88,E,22.E,44776,14,0,14,20,25,29,34,0,,,,
2022.IndInf,22,088_08.10,88,E,22.E,44783,21,0,21,20,25,29,34,0,,,,
2022.IndInf,22,088_08.17,88,E,22.E,44790,28,0,28,20,25,29,34,0,,,,
2022.IndInf,22,088_08.24,88,E,22.E,44797,35,0,35,20,25,29,34,0,0,15,10,
2022.IndInf,22,089_07.19,89,E,22.E,44761,-1,0,-1,15,10,30,35,0,,,,
2022.IndInf,22,089_07.27,89,E,22.E,44769,7,0,7,15,10,30,35,4.100445366,5.854630974,15,10,
2022.IndInf,22,089_08.03,89,E,22.E,44776,14,0,14,15,10,30,35,0,,,,
2022.IndInf,22,089_08.10,89,E,22.E,44783,21,0,21,15,10,30,35,0,,,,
2022.IndInf,22,089_08.17,89,E,22.E,44790,28,0,28,15,10,30,35,0,,,,
2022.IndInf,22,089_08.24,89,E,22.E,44797,35,0,35,15,10,30,35,0,,,,
2022.IndInf,22,090_07.19,90,E,22.E,44761,-1,0,-1,15,15,30,30,0,,,,
2022.IndInf,22,090_07.27,90,E,22.E,44769,7,0,7,15,15,30,30,0,0.954337097,15,10,
2022.IndInf,22,090_08.03,90,E,22.E,44776,14,0,14,15,15,30,30,0,,,,
2022.IndInf,22,090_08.10,90,E,22.E,44783,21,0,21,15,15,30,30,0,,,,
2022.IndInf,22,090_08.17,90,E,22.E,44790,28,0,28,15,15,30,30,0,,,,
2022.IndInf,22,090_08.24,90,E,22.E,44797,35,0,35,15,15,30,30,0,,,,
2022.IndInf,22,091_07.19,91,E,22.E,44761,-1,0,-1,15,20,30,29,0,,,,
2022.IndInf,22,091_07.27,91,E,22.E,44769,7,0,7,15,20,30,29,0,2.933263197,15,10,
2022.IndInf,22,091_08.03,91,E,22.E,44776,14,0,14,15,20,30,29,0,,,,
2022.IndInf,22,091_08.10,91,E,22.E,44783,21,0,21,15,20,30,29,0.293858674,,,,
2022.IndInf,22,091_08.17,91,E,22.E,44790,28,0,28,15,20,30,29,0,,,,
2022.IndInf,22,091_08.24,91,E,22.E,44797,35,0,35,15,20,30,29,0,0,15,10,
2022.IndInf,22,092_07.19,92,E,22.E,44761,-1,0,-1,15,25,30,34,0,,,,
2022.IndInf,22,092_07.27,92,E,22.E,44769,7,0,7,15,25,30,34,0,0,15,10,
2022.IndInf,22,092_08.03,92,E,22.E,44776,14,0,14,15,25,30,34,0,,,,
2022.IndInf,22,092_08.10,92,E,22.E,44783,21,0,21,15,25,30,34,0,,,,
2022.IndInf,22,092_08.17,92,E,22.E,44790,28,0,28,15,25,30,34,0,,,,
2022.IndInf,22,092_08.24,92,E,22.E,44797,35,0,35,15,25,30,34,0,,,,
2022.IndInf,22,093_07.19,93,E,22.E,44761,-1,0,-1,15,10,32,35,0,,,,
2022.IndInf,22,093_07.27,93,E,22.E,44769,7,0,7,15,10,32,35,2.422297717,6.739486561,15,10,
2022.IndInf,22,093_08.03,93,E,22.E,44776,14,0,14,15,10,32,35,0,,,,
2022.IndInf,22,093_08.10,93,E,22.E,44783,21,0,21,15,10,32,35,0,,,,
2022.IndInf,22,093_08.17,93,E,22.E,44790,28,0,28,15,10,32,35,0,,,,
2022.IndInf,22,093_08.24,93,E,22.E,44797,35,0,35,15,10,32,35,0,0,15,10,
2022.IndInf,22,094_07.19,94,E,22.E,44761,-1,0,-1,15,15,32,32,2.141866569,,,,
2022.IndInf,22,094_07.27,94,E,22.E,44769,7,0,7,15,15,32,32,0,1.718013229,15,10,
2022.IndInf,22,094_08.03,94,E,22.E,44776,14,0,14,15,15,32,32,0,,,,
2022.IndInf,22,094_08.10,94,E,22.E,44783,21,0,21,15,15,32,32,0,,,,
2022.IndInf,22,094_08.17,94,E,22.E,44790,28,0,28,15,15,32,32,0,,,,
2022.IndInf,22,094_08.24,94,E,22.E,44797,35,0,35,15,15,32,32,0,0,15,10,
2022.IndInf,22,095_07.19,95,E,22.E,44761,-1,0,-1,15,20,32,29,0,,,,
2022.IndInf,22,095_07.19,95,E,22.E,44761,-1,0,-1,15,20,32,29,0,,,,
2022.IndInf,22,095_07.27,95,E,22.E,44769,7,0,7,15,20,32,29,0,0,15,10,
2022.IndInf,22,095_08.03,95,E,22.E,44776,14,0,14,15,20,32,29,0,,,,
2022.IndInf,22,095_08.10,95,E,22.E,44783,21,0,21,15,20,32,29,0,,,,
2022.IndInf,22,095_08.17,95,E,22.E,44790,28,0,28,15,20,32,29,0,,,,
2022.IndInf,22,095_08.24,95,E,22.E,44797,35,0,35,15,20,32,29,0,,,,
2022.IndInf,22,096_07.19,96,E,22.E,44761,-1,0,-1,15,25,32,34,0,,,,
2022.IndInf,22,096_07.27,96,E,22.E,44769,7,0,7,15,25,32,34,0,0,15,10,
2022.IndInf,22,096_08.03,96,E,22.E,44776,14,0,14,15,25,32,34,0,,,,
2022.IndInf,22,096_08.10,96,E,22.E,44783,21,0,21,15,25,32,34,0,,,,
2022.IndInf,22,096_08.17,96,E,22.E,44790,28,0,28,15,25,32,34,0,,,,
2022.IndInf,22,096_08.24,96,E,22.E,44797,35,0,35,15,25,32,34,0,,,,
2022.IndInf,22,101_07.19,101,F,22.F,44761,-1,0,-1,10,10,37,37,0,,,,
2022.IndInf,22,101_07.27,101,F,22.F,44769,7,0,7,10,10,37,37,0,5.203436831,15,10,
2022.IndInf,22,101_08.03,101,F,22.F,44776,14,0,14,10,10,37,37,0,,,,
2022.IndInf,22,101_08.10,101,F,22.F,44783,21,0,21,10,10,37,37,0,,,,
2022.IndInf,22,101_08.17,101,F,22.F,44790,28,0,28,10,10,37,37,0,,,,
2022.IndInf,22,101_08.24,101,F,22.F,44797,35,0,35,10,10,37,37,0,,,,
2022.IndInf,22,102_07.19,102,F,22.F,44761,-1,0,-1,10,15,37,41,0,,,,
2022.IndInf,22,102_07.27,102,F,22.F,44769,7,0,7,10,15,37,41,0,2.757177393,15,10,
2022.IndInf,22,102_08.03,102,F,22.F,44776,14,0,14,10,15,37,41,0,,,,
2022.IndInf,22,102_08.10,102,F,22.F,44783,21,0,21,10,15,37,41,0,,,,
2022.IndInf,22,102_08.17,102,F,22.F,44790,28,0,28,10,15,37,41,0,,,,
2022.IndInf,22,102_08.24,102,F,22.F,44797,35,0,35,10,15,37,41,0,0,15,10,
2022.IndInf,22,103_07.19,103,F,22.F,44761,-1,0,-1,10,20,37,39,0,,,,
2022.IndInf,22,103_07.27,103,F,22.F,44769,7,0,7,10,20,37,39,0,2.51528974,15,10,
2022.IndInf,22,103_08.03,103,F,22.F,44776,14,0,14,10,20,37,39,0,,,,
2022.IndInf,22,103_08.10,103,F,22.F,44783,21,0,21,10,20,37,39,0,,,,
2022.IndInf,22,103_08.17,103,F,22.F,44790,28,0,28,10,20,37,39,0,,,,
2022.IndInf,22,103_08.24,103,F,22.F,44797,35,0,35,10,20,37,39,0,,,,
2022.IndInf,22,104_07.19,104,F,22.F,44761,-1,0,-1,10,25,37,36,0,,,,
2022.IndInf,22,104_07.27,104,F,22.F,44769,7,0,7,10,25,37,36,0,0,15,10,
2022.IndInf,22,104_08.03,104,F,22.F,44776,14,0,14,10,25,37,36,0,,,,
2022.IndInf,22,104_08.10,104,F,22.F,44783,21,0,21,10,25,37,36,0,,,,
2022.IndInf,22,104_08.17,104,F,22.F,44790,28,0,28,10,25,37,36,0,,,,
2022.IndInf,22,104_08.24,104,F,22.F,44797,35,0,35,10,25,37,36,0,0,15,10,
2022.IndInf,22,105_07.19,105,F,22.F,44761,-1,0,-1,20,10,39,37,0,,,,
2022.IndInf,22,105_07.27,105,F,22.F,44769,7,0,7,20,10,39,37,6.060617767,6.41681788,15,10,
2022.IndInf,22,105_08.03,105,F,22.F,44776,14,0,14,20,10,39,37,6.991516006,,,,
2022.IndInf,22,105_08.10,105,F,22.F,44783,21,0,21,20,10,39,37,7.820119625,,,,
2022.IndInf,22,105_08.17,105,F,22.F,44790,28,0,28,20,10,39,37,0,,,,
2022.IndInf,22,105_08.24,105,F,22.F,44797,35,0,35,20,10,39,37,0,,,,
2022.IndInf,22,106_07.19,106,F,22.F,44761,-1,0,-1,20,15,39,38,0,,,,
2022.IndInf,22,106_07.27,106,F,22.F,44769,7,0,7,20,15,39,38,0,0,15,10,
2022.IndInf,22,106_08.03,106,F,22.F,44776,14,0,14,20,15,39,38,1.616918918,,,,
2022.IndInf,22,106_08.10,106,F,22.F,44783,21,0,21,20,15,39,38,0,,,,
2022.IndInf,22,106_08.17,106,F,22.F,44790,28,0,28,20,15,39,38,0,,,,
2022.IndInf,22,106_08.24,106,F,22.F,44797,35,0,35,20,15,39,38,0,,,,
2022.IndInf,22,107_07.19,107,F,22.F,44761,-1,0,-1,20,20,39,39,0,,,,
2022.IndInf,22,107_07.27,107,F,22.F,44769,7,0,7,20,20,39,39,0,0,15,10,
2022.IndInf,22,107_08.03,107,F,22.F,44776,14,0,14,20,20,39,39,0,,,,
2022.IndInf,22,107_08.10,107,F,22.F,44783,21,0,21,20,20,39,39,0,,,,
2022.IndInf,22,107_08.17,107,F,22.F,44790,28,0,28,20,20,39,39,0,,,,
2022.IndInf,22,107_08.24,107,F,22.F,44797,35,0,35,20,20,39,39,0,,,,
2022.IndInf,22,108_07.19,108,F,22.F,44761,-1,0,-1,20,25,39,36,0,,,,
2022.IndInf,22,108_07.27,108,F,22.F,44769,7,0,7,20,25,39,36,0,0,15,10,
2022.IndInf,22,108_08.03,108,F,22.F,44776,14,0,14,20,25,39,36,0,,,,
2022.IndInf,22,108_08.10,108,F,22.F,44783,21,0,21,20,25,39,36,0,,,,
2022.IndInf,22,108_08.17,108,F,22.F,44790,28,0,28,20,25,39,36,0,,,,
2022.IndInf,22,108_08.24,108,F,22.F,44797,35,0,35,20,25,39,36,0,0,15,10,
2022.IndInf,22,109_07.19,109,F,22.F,44761,-1,0,-1,15,10,38,37,0,,,,
2022.IndInf,22,109_07.19,109,F,22.F,44761,-1,0,-1,15,10,38,37,0,,,,
2022.IndInf,22,109_07.27,109,F,22.F,44769,7,0,7,15,10,38,37,2.16797496,6.810542488,15,10,
2022.IndInf,22,109_08.03,109,F,22.F,44776,14,0,14,15,10,38,37,0,,,,
2022.IndInf,22,109_08.10,109,F,22.F,44783,21,0,21,15,10,38,37,0,,,,
2022.IndInf,22,109_08.17,109,F,22.F,44790,28,0,28,15,10,38,37,0,,,,
2022.IndInf,22,109_08.24,109,F,22.F,44797,35,0,35,15,10,38,37,0,0,15,10,
2022.IndInf,22,110_07.19,110,F,22.F,44761,-1,0,-1,15,15,38,41,0,,,,
2022.IndInf,22,110_07.27,110,F,22.F,44769,7,0,7,15,15,38,41,0,1.694302597,16,10,
2022.IndInf,22,110_08.03,110,F,22.F,44776,14,0,14,15,15,38,41,0,,,,
2022.IndInf,22,110_08.10,110,F,22.F,44783,21,0,21,15,15,38,41,0,,,,
2022.IndInf,22,110_08.17,110,F,22.F,44790,28,0,28,15,15,38,41,0,,,,
2022.IndInf,22,110_08.24,110,F,22.F,44797,35,0,35,15,15,38,41,0,0,15,10,
2022.IndInf,22,111_07.19,111,F,22.F,44761,-1,0,-1,15,20,38,39,0,,,,
2022.IndInf,22,111_07.27,111,F,22.F,44769,7,0,7,15,20,38,39,0,4.949232156,15,10,
2022.IndInf,22,111_08.03,111,F,22.F,44776,14,0,14,15,20,38,39,0,,,,
2022.IndInf,22,111_08.10,111,F,22.F,44783,21,0,21,15,20,38,39,0,,,,
2022.IndInf,22,111_08.17,111,F,22.F,44790,28,0,28,15,20,38,39,0,,,,
2022.IndInf,22,111_08.24,111,F,22.F,44797,35,0,35,15,20,38,39,0,0,15,10,
2022.IndInf,22,112_07.19,112,F,22.F,44761,-1,0,-1,15,25,38,36,0,,,,
2022.IndInf,22,112_07.27,112,F,22.F,44769,7,0,7,15,25,38,36,0,0,15,10,
2022.IndInf,22,112_08.03,112,F,22.F,44776,14,0,14,15,25,38,36,0,,,,
2022.IndInf,22,112_08.10,112,F,22.F,44783,21,0,21,15,25,38,36,0,,,,
2022.IndInf,22,112_08.17,112,F,22.F,44790,28,0,28,15,25,38,36,0,,,,
2022.IndInf,22,112_08.24,112,F,22.F,44797,35,0,35,15,25,38,36,0,,,,
2022.IndInf,22,113_07.19,113,F,22.F,44761,-1,0,-1,15,10,41,37,0,,,,
2022.IndInf,22,113_07.27,113,F,22.F,44769,7,0,7,15,10,41,37,0,2.810317436,15,10,
2022.IndInf,22,113_08.03,113,F,22.F,44776,14,0,14,15,10,41,37,1.76607646,,,,
2022.IndInf,22,113_08.10,113,F,22.F,44783,21,0,21,15,10,41,37,0,,,,
2022.IndInf,22,113_08.17,113,F,22.F,44790,28,0,28,15,10,41,37,0,,,,
2022.IndInf,22,113_08.24,113,F,22.F,44797,35,0,35,15,10,41,37,0,0,15,10,
2022.IndInf,22,114_07.19,114,F,22.F,44761,-1,0,-1,15,15,41,38,0,,,,
2022.IndInf,22,114_07.27,114,F,22.F,44769,7,0,7,15,15,41,38,0,0,15,10,
2022.IndInf,22,114_08.03,114,F,22.F,44776,14,0,14,15,15,41,38,0,,,,
2022.IndInf,22,114_08.10,114,F,22.F,44783,21,0,21,15,15,41,38,0,,,,
2022.IndInf,22,114_08.17,114,F,22.F,44790,28,0,28,15,15,41,38,0,,,,
2022.IndInf,22,115_07.19,115,F,22.F,44761,-1,0,-1,15,20,41,39,0,,,,
2022.IndInf,22,115_07.27,115,F,22.F,44769,7,0,7,15,20,41,39,0,2.657224057,15,10,
2022.IndInf,22,115_08.03,115,F,22.F,44776,14,0,14,15,20,41,39,0,,,,
2022.IndInf,22,115_08.10,115,F,22.F,44783,21,0,21,15,20,41,39,0,,,,
2022.IndInf,22,115_08.17,115,F,22.F,44790,28,0,28,15,20,41,39,0,,,,
2022.IndInf,22,115_08.24,115,F,22.F,44797,35,0,35,15,20,41,39,0,0,15,10,
2022.IndInf,22,116_07.19,116,F,22.F,44761,-1,0,-1,15,25,41,36,0,,,,
2022.IndInf,22,116_07.27,116,F,22.F,44769,7,0,7,15,25,41,36,0,2.068652387,15,10,
2022.IndInf,22,116_08.03,116,F,22.F,44776,14,0,14,15,25,41,36,0,,,,
2022.IndInf,22,116_08.10,116,F,22.F,44783,21,0,21,15,25,41,36,0,,,,
2022.IndInf,22,116_08.17,116,F,22.F,44790,28,0,28,15,25,41,36,0,,,,
2022.IndInf,22,116_08.24,116,F,22.F,44797,35,0,35,15,25,41,36,0,,,,
